Model,Dataset,Scene,Metric,Standard Value,Masked1 Value,Masked2 Value,Masked3 Value,Masked4 Value,Difference1,Difference2,Difference3,Difference4
linprim,TnT,Barn,SSIM,0.8407555818557739,0.8706150054931641,0.8355047702789307,0.7757704854011536,0.733197808265686,-0.029859423637390137,0.005250811576843262,0.06498509645462036,0.10755777359008789
linprim,TnT,Barn,PSNR,26.850767135620117,29.73032569885254,27.90045166015625,24.374460220336914,20.888797760009766,-2.879558563232422,-1.0496845245361328,2.476306915283203,5.961969375610352
linprim,TnT,Barn,LPIPS,0.235889732837677,0.17099061608314514,0.19954663515090942,0.14805451035499573,0.234151691198349,-0.06489911675453186,-0.03634309768676758,-0.08783522248268127,-0.001738041639328003
linprim,MP360,bicycle,SSIM,0.7397040724754333,0.7860193848609924,0.7597798109054565,0.7366657257080078,0.7171995639801025,-0.04631531238555908,-0.020075738430023193,0.003038346767425537,0.02250450849533081
linprim,MP360,bicycle,PSNR,24.660696029663086,28.39682388305664,27.05010223388672,24.684059143066406,22.264631271362305,-3.7361278533935547,-2.389406204223633,-0.023363113403320312,2.3960647583007812
linprim,MP360,bicycle,LPIPS,0.23526868224143982,0.13468246161937714,0.15932698547840118,0.14661723375320435,0.2018585056066513,-0.10058622062206268,-0.07594169676303864,-0.08865144848823547,-0.03341017663478851
linprim,MP360,bonsai,SSIM,0.9356354475021362,0.9326441884040833,0.9230968356132507,0.9154667258262634,0.9150091409683228,0.0029912590980529785,0.012538611888885498,0.020168721675872803,0.020626306533813477
linprim,MP360,bonsai,PSNR,31.07020378112793,31.815204620361328,30.185749053955078,28.55276107788086,26.162874221801758,-0.7450008392333984,0.8844547271728516,2.5174427032470703,4.907329559326172
linprim,MP360,bonsai,LPIPS,0.19457371532917023,0.10490401089191437,0.13691869378089905,0.08874718844890594,0.09046145528554916,-0.08966970443725586,-0.05765502154827118,-0.10582652688026428,-0.10411226004362106
linprim,TnT,Caterpillar,SSIM,0.7568187713623047,0.7830657362937927,0.738680362701416,0.6683767437934875,0.6402800679206848,-0.026246964931488037,0.018138408660888672,0.08844202756881714,0.11653870344161987
linprim,TnT,Caterpillar,PSNR,21.908796310424805,22.908037185668945,21.92786979675293,21.045106887817383,19.37364387512207,-0.9992408752441406,-0.019073486328125,0.8636894226074219,2.5351524353027344
linprim,TnT,Caterpillar,LPIPS,0.27861228585243225,0.17311805486679077,0.2047566920518875,0.1746998280286789,0.334905743598938,-0.10549423098564148,-0.07385559380054474,-0.10391245782375336,0.05629345774650574
linprim,MP360,counter,SSIM,0.9049277901649475,0.9032577276229858,0.8810080885887146,0.8593096137046814,0.8171036839485168,0.00167006254196167,0.02391970157623291,0.04561817646026611,0.08782410621643066
linprim,MP360,counter,PSNR,28.407915115356445,30.108919143676758,28.12623405456543,25.343900680541992,20.837520599365234,-1.7010040283203125,0.2816810607910156,3.064014434814453,7.570394515991211
linprim,MP360,counter,LPIPS,0.19119316339492798,0.1412792056798935,0.1555357575416565,0.13690851628780365,0.14290814101696014,-0.049913957715034485,-0.035657405853271484,-0.05428464710712433,-0.048285022377967834
linprim,TnT,Courthouse,SSIM,0.776653528213501,0.7871068120002747,0.6986037492752075,0.6030914783477783,0.5415251851081848,-0.010453283786773682,0.07804977893829346,0.17356204986572266,0.23512834310531616
linprim,TnT,Courthouse,PSNR,21.340030670166016,22.051301956176758,20.586503982543945,19.354114532470703,17.346330642700195,-0.7112712860107422,0.7535266876220703,1.9859161376953125,3.9937000274658203
linprim,TnT,Courthouse,LPIPS,0.2943125069141388,0.2663114666938782,0.3009956181049347,0.29719334840774536,0.42415696382522583,-0.02800104022026062,0.0066831111907958984,0.0028808414936065674,0.12984445691108704
linprim,MP360,flowers,SSIM,0.6106881499290466,0.7150769233703613,0.6462153792381287,0.5945152640342712,0.5619401931762695,-0.1043887734413147,-0.03552722930908203,0.01617288589477539,0.0487479567527771
linprim,MP360,flowers,PSNR,21.52843475341797,27.319734573364258,25.318456649780273,22.635650634765625,19.21265411376953,-5.791299819946289,-3.7900218963623047,-1.1072158813476562,2.3157806396484375
linprim,MP360,flowers,LPIPS,0.3214915096759796,0.21807536482810974,0.2203248143196106,0.21606417000293732,0.3426779508590698,-0.10341614484786987,-0.10116669535636902,-0.1054273396730423,0.02118644118309021
linprim,MP360,garden,SSIM,0.8502176403999329,0.8778657913208008,0.8571853637695312,0.8435344696044922,0.8313488960266113,-0.02764815092086792,-0.006967723369598389,0.006683170795440674,0.018868744373321533
linprim,MP360,garden,PSNR,26.768320083618164,30.05278778076172,28.74845314025879,26.729354858398438,24.666353225708008,-3.2844676971435547,-1.980133056640625,0.03896522521972656,2.1019668579101562
linprim,MP360,garden,LPIPS,0.11947289109230042,0.08420868963003159,0.09180760383605957,0.08116663247346878,0.13234642148017883,-0.03526420146226883,-0.027665287256240845,-0.038306258618831635,0.012873530387878418
linprim,TnT,Ignatius,SSIM,0.7644174695014954,0.8012863993644714,0.7641847729682922,0.707672119140625,0.6845553517341614,-0.036868929862976074,0.000232696533203125,0.05674535036087036,0.07986211776733398
linprim,TnT,Ignatius,PSNR,20.852771759033203,22.18846893310547,21.633068084716797,20.162174224853516,18.438278198242188,-1.3356971740722656,-0.7802963256835938,0.6905975341796875,2.4144935607910156
linprim,TnT,Ignatius,LPIPS,0.23929572105407715,0.19355656206607819,0.19896116852760315,0.17242564260959625,0.2249763160943985,-0.04573915898799896,-0.040334552526474,-0.0668700784444809,-0.01431940495967865
linprim,MP360,kitchen,SSIM,0.9214518070220947,0.9218294620513916,0.916019856929779,0.9183728098869324,0.9234226942062378,-0.000377655029296875,0.005431950092315674,0.0030789971351623535,-0.0019708871841430664
linprim,MP360,kitchen,PSNR,29.93701934814453,30.20633316040039,29.43663215637207,29.276639938354492,28.230493545532227,-0.2693138122558594,0.5003871917724609,0.6603794097900391,1.7065258026123047
linprim,MP360,kitchen,LPIPS,0.12797772884368896,0.11449456959962845,0.12679985165596008,0.09406092762947083,0.098641037940979,-0.013483159244060516,-0.0011778771877288818,-0.03391680121421814,-0.02933669090270996
linprim,TnT,Meetingroom,SSIM,0.8597145676612854,0.870806097984314,0.8127239346504211,0.7449073791503906,0.7179728746414185,-0.011091530323028564,0.04699063301086426,0.11480718851089478,0.14174169301986694
linprim,TnT,Meetingroom,PSNR,23.748920440673828,24.243051528930664,22.830068588256836,20.241004943847656,17.89263916015625,-0.49413108825683594,0.9188518524169922,3.507915496826172,5.856281280517578
linprim,TnT,Meetingroom,LPIPS,0.23280291259288788,0.16087743639945984,0.18377505242824554,0.17472957074642181,0.2107846736907959,-0.07192547619342804,-0.049027860164642334,-0.058073341846466064,-0.02201823890209198
linprim,MP360,room,SSIM,0.9137168526649475,0.9152037501335144,0.8956621885299683,0.8568728566169739,0.818760871887207,-0.0014868974685668945,0.018054664134979248,0.05684399604797363,0.09495598077774048
linprim,MP360,room,PSNR,29.963382720947266,30.880767822265625,29.55099105834961,26.638246536254883,24.131690979003906,-0.9173851013183594,0.41239166259765625,3.325136184692383,5.831691741943359
linprim,MP360,room,LPIPS,0.21544994413852692,0.13677211105823517,0.16041643917560577,0.13745637238025665,0.18999075889587402,-0.07867783308029175,-0.05503350496292114,-0.07799357175827026,-0.025459185242652893
linprim,MP360,stump,SSIM,0.7322918176651001,0.7424852252006531,0.7308663725852966,0.7277573943138123,0.7241196632385254,-0.010193407535552979,0.0014254450798034668,0.004534423351287842,0.008172154426574707
linprim,MP360,stump,PSNR,25.215608596801758,27.520275115966797,26.405391693115234,24.52237319946289,23.19573211669922,-2.304666519165039,-1.1897830963134766,0.6932353973388672,2.019876480102539
linprim,MP360,stump,LPIPS,0.24064992368221283,0.2196437120437622,0.22505496442317963,0.1803928017616272,0.21955494582653046,-0.021006211638450623,-0.015594959259033203,-0.06025712192058563,-0.021094977855682373
linprim,MP360,treehill,SSIM,0.6169822216033936,0.7128335237503052,0.6383950710296631,0.5641698837280273,0.520740270614624,-0.09585130214691162,-0.02141284942626953,0.05281233787536621,0.09624195098876953
linprim,MP360,treehill,PSNR,21.82849884033203,25.10512351989746,23.18578338623047,21.606178283691406,18.895353317260742,-3.2766246795654297,-1.3572845458984375,0.222320556640625,2.933145523071289
linprim,MP360,treehill,LPIPS,0.34645840525627136,0.2644764184951782,0.22570954263210297,0.21583035588264465,0.35359838604927063,-0.08198198676109314,-0.1207488626241684,-0.1306280493736267,0.007139980792999268
linprim,TnT,Truck,SSIM,0.8593280911445618,0.8862199783325195,0.8279374837875366,0.7874276638031006,0.766646146774292,-0.026891887187957764,0.031390607357025146,0.07190042734146118,0.09268194437026978
linprim,TnT,Truck,PSNR,24.089635848999023,27.41451072692871,24.893117904663086,22.317081451416016,19.506336212158203,-3.3248748779296875,-0.8034820556640625,1.7725543975830078,4.58329963684082
linprim,TnT,Truck,LPIPS,0.19937701523303986,0.1390381008386612,0.14970020949840546,0.14478009939193726,0.17317642271518707,-0.06033891439437866,-0.0496768057346344,-0.0545969158411026,-0.026200592517852783
beta_splatting,TnT,Barn,SSIM,0.8852344751358032,0.9091111421585083,0.8890175223350525,0.8561831712722778,0.8250970840454102,-0.023876667022705078,-0.0037830471992492676,0.02905130386352539,0.060137391090393066
beta_splatting,TnT,Barn,PSNR,30.059396743774414,33.77695083618164,31.875572204589844,27.615633010864258,23.65946388244629,-3.7175540924072266,-1.8161754608154297,2.4437637329101562,6.399932861328125
beta_splatting,TnT,Barn,LPIPS,0.1931433379650116,0.12912492454051971,0.1574607491493225,0.11031020432710648,0.16402864456176758,-0.06401841342449188,-0.03568258881568909,-0.08283313363790512,-0.02911469340324402
beta_splatting,MP360,bicycle,SSIM,0.8169512748718262,0.857369065284729,0.8321606516838074,0.8039833903312683,0.7930772304534912,-0.04041779041290283,-0.015209376811981201,0.012967884540557861,0.02387404441833496
beta_splatting,MP360,bicycle,PSNR,27.18563461303711,31.374462127685547,29.680774688720703,27.146644592285156,23.996875762939453,-4.1888275146484375,-2.4951400756835938,0.038990020751953125,3.1887588500976562
beta_splatting,MP360,bicycle,LPIPS,0.22522641718387604,0.14086444675922394,0.15637148916721344,0.15011855959892273,0.2024657130241394,-0.0843619704246521,-0.0688549280166626,-0.07510785758495331,-0.022760704159736633
beta_splatting,MP360,bonsai,SSIM,0.9588825106620789,0.9568949341773987,0.9497981667518616,0.951600968837738,0.9442521929740906,0.0019875764846801758,0.009084343910217285,0.00728154182434082,0.014630317687988281
beta_splatting,MP360,bonsai,PSNR,34.26286697387695,35.194610595703125,32.92584228515625,31.184602737426758,27.226919174194336,-0.9317436218261719,1.3370246887207031,3.0782642364501953,7.035947799682617
beta_splatting,MP360,bonsai,LPIPS,0.15906475484371185,0.07934997230768204,0.1108114942908287,0.06520619243383408,0.05645979940891266,-0.07971478253602982,-0.04825326055288315,-0.09385856240987778,-0.1026049554347992
beta_splatting,TnT,Caterpillar,SSIM,0.8353810906410217,0.8487743735313416,0.8173659443855286,0.7714105248451233,0.7523830533027649,-0.013393282890319824,0.018015146255493164,0.06397056579589844,0.08299803733825684
beta_splatting,TnT,Caterpillar,PSNR,25.695810317993164,27.82256317138672,26.32421875,24.477935791015625,22.03304100036621,-2.1267528533935547,-0.6284084320068359,1.217874526977539,3.662769317626953
beta_splatting,TnT,Caterpillar,LPIPS,0.22057877480983734,0.13653752207756042,0.16815192997455597,0.1383899301290512,0.25927284359931946,-0.08404125273227692,-0.05242684483528137,-0.08218884468078613,0.03869406878948212
beta_splatting,MP360,counter,SSIM,0.9431968927383423,0.9409212470054626,0.9281361699104309,0.9197409152984619,0.8915618658065796,0.0022756457328796387,0.015060722827911377,0.02345597743988037,0.051635026931762695
beta_splatting,MP360,counter,PSNR,32.226688385009766,34.096435546875,31.719526290893555,28.74730110168457,23.635427474975586,-1.8697471618652344,0.5071620941162109,3.4793872833251953,8.59126091003418
beta_splatting,MP360,counter,LPIPS,0.14794212579727173,0.09297449886798859,0.11712086200714111,0.0964140072464943,0.09793733805418015,-0.05496762692928314,-0.030821263790130615,-0.051528118550777435,-0.05000478774309158
beta_splatting,TnT,Courthouse,SSIM,0.8170052170753479,0.8246880769729614,0.7569682002067566,0.6778891682624817,0.6281560063362122,-0.007682859897613525,0.06003701686859131,0.1391160488128662,0.18884921073913574
beta_splatting,TnT,Courthouse,PSNR,23.712915420532227,24.55525016784668,23.05742645263672,21.38709259033203,19.06199836730957,-0.8423347473144531,0.6554889678955078,2.3258228302001953,4.650917053222656
beta_splatting,TnT,Courthouse,LPIPS,0.25185325741767883,0.21144849061965942,0.2568555474281311,0.2399294525384903,0.3530959486961365,-0.04040476679801941,0.0050022900104522705,-0.011923804879188538,0.10124269127845764
beta_splatting,MP360,flowers,SSIM,0.6796892881393433,0.7799962759017944,0.7244365811347961,0.6509536504745483,0.6244814395904541,-0.10030698776245117,-0.04474729299545288,0.028735637664794922,0.05520784854888916
beta_splatting,MP360,flowers,PSNR,23.642980575561523,30.804887771606445,28.703039169311523,25.032487869262695,20.505573272705078,-7.161907196044922,-5.06005859375,-1.3895072937011719,3.1374073028564453
beta_splatting,MP360,flowers,LPIPS,0.32810738682746887,0.23480844497680664,0.2447822540998459,0.32303640246391296,0.33659353852272034,-0.09329894185066223,-0.08332513272762299,-0.005070984363555908,0.008486151695251465
beta_splatting,MP360,garden,SSIM,0.8609347343444824,0.8870887756347656,0.8720317482948303,0.8496532440185547,0.8354976773262024,-0.026154041290283203,-0.0110970139503479,0.011281490325927734,0.02543705701828003
beta_splatting,MP360,garden,PSNR,28.00697135925293,32.36543655395508,31.05776023864746,27.802820205688477,24.813722610473633,-4.358465194702148,-3.0507888793945312,0.20415115356445312,3.193248748779297
beta_splatting,MP360,garden,LPIPS,0.15330207347869873,0.1104511246085167,0.12566184997558594,0.1299893707036972,0.16295494139194489,-0.04285094887018204,-0.027640223503112793,-0.023312702775001526,0.009652867913246155
beta_splatting,TnT,Ignatius,SSIM,0.8324313759803772,0.8612571358680725,0.8339390158653259,0.7907991409301758,0.7684339880943298,-0.028825759887695312,-0.0015076398849487305,0.041632235050201416,0.06399738788604736
beta_splatting,TnT,Ignatius,PSNR,25.096445083618164,27.433238983154297,26.481843948364258,24.221649169921875,21.458303451538086,-2.336793899536133,-1.3853988647460938,0.8747959136962891,3.638141632080078
beta_splatting,TnT,Ignatius,LPIPS,0.21131108701229095,0.1697780042886734,0.17102940380573273,0.14789552986621857,0.2057971954345703,-0.041533082723617554,-0.04028168320655823,-0.06341555714607239,-0.005513891577720642
beta_splatting,MP360,kitchen,SSIM,0.9448786973953247,0.9490088224411011,0.9425807595252991,0.9415059685707092,0.9435498118400574,-0.004130125045776367,0.0022979378700256348,0.0033727288246154785,0.001328885555267334
beta_splatting,MP360,kitchen,PSNR,33.34763717651367,35.041419982910156,32.74884033203125,31.89634132385254,30.290956497192383,-1.6937828063964844,0.5987968444824219,1.4512958526611328,3.056680679321289
beta_splatting,MP360,kitchen,LPIPS,0.10923774540424347,0.08534464240074158,0.1015392392873764,0.07052958011627197,0.08257780224084854,-0.023893103003501892,-0.007698506116867065,-0.0387081652879715,-0.026659943163394928
beta_splatting,TnT,Meetingroom,SSIM,0.9120292067527771,0.9258902668952942,0.885365903377533,0.8294737935066223,0.8017839193344116,-0.01386106014251709,0.02666330337524414,0.08255541324615479,0.11024528741836548
beta_splatting,TnT,Meetingroom,PSNR,28.496597290039062,30.441993713378906,28.005308151245117,23.908639907836914,20.549724578857422,-1.9453964233398438,0.4912891387939453,4.587957382202148,7.946872711181641
beta_splatting,TnT,Meetingroom,LPIPS,0.19353792071342468,0.11716762185096741,0.14003005623817444,0.13393428921699524,0.1702839434146881,-0.07637029886245728,-0.053507864475250244,-0.05960363149642944,-0.023253977298736572
beta_splatting,MP360,room,SSIM,0.9463526606559753,0.9470486640930176,0.9288705587387085,0.9121377468109131,0.8776373267173767,-0.0006960034370422363,0.017482101917266846,0.034214913845062256,0.06871533393859863
beta_splatting,MP360,room,PSNR,34.27171325683594,34.888248443603516,32.5835075378418,29.603321075439453,25.788484573364258,-0.6165351867675781,1.6882057189941406,4.668392181396484,8.48322868347168
beta_splatting,MP360,room,LPIPS,0.16417786478996277,0.09939481317996979,0.11822699010372162,0.10407800227403641,0.1308692991733551,-0.06478305160999298,-0.04595087468624115,-0.06009986251592636,-0.033308565616607666
beta_splatting,MP360,stump,SSIM,0.8829064965248108,0.890846848487854,0.8850167393684387,0.8840231895446777,0.8844268321990967,-0.007940351963043213,-0.0021102428436279297,-0.0011166930198669434,-0.0015203356742858887
beta_splatting,MP360,stump,PSNR,30.5172176361084,33.31355667114258,31.862119674682617,29.101219177246094,26.20755386352539,-2.7963390350341797,-1.3449020385742188,1.4159984588623047,4.309663772583008
beta_splatting,MP360,stump,LPIPS,0.182778462767601,0.16390372812747955,0.16883760690689087,0.15314680337905884,0.1353738158941269,-0.01887473464012146,-0.013940855860710144,-0.029631659388542175,-0.04740464687347412
beta_splatting,MP360,treehill,SSIM,0.7271363735198975,0.8059497475624084,0.7428309917449951,0.6842272281646729,0.6214410066604614,-0.07881337404251099,-0.015694618225097656,0.04290914535522461,0.10569536685943604
beta_splatting,MP360,treehill,PSNR,25.267169952392578,30.856279373168945,28.605438232421875,25.839618682861328,20.367820739746094,-5.589109420776367,-3.338268280029297,-0.57244873046875,4.899349212646484
beta_splatting,MP360,treehill,LPIPS,0.3213532865047455,0.22858303785324097,0.24667994678020477,0.2611672580242157,0.36236539483070374,-0.09277024865150452,-0.07467333972454071,-0.060186028480529785,0.04101210832595825
beta_splatting,TnT,Truck,SSIM,0.9003406763076782,0.921127438545227,0.884453296661377,0.8557121753692627,0.8388196229934692,-0.020786762237548828,0.01588737964630127,0.04462850093841553,0.061521053314208984
beta_splatting,TnT,Truck,PSNR,27.47321319580078,32.47593688964844,29.037418365478516,25.336620330810547,21.80419158935547,-5.002723693847656,-1.5642051696777344,2.1365928649902344,5.6690216064453125
beta_splatting,TnT,Truck,LPIPS,0.16329944133758545,0.10567188262939453,0.12057176232337952,0.11391213536262512,0.13830552995204926,-0.05762755870819092,-0.04272767901420593,-0.04938730597496033,-0.024993911385536194
QGS,TnT,Barn,SSIM,0.8503893613815308,0.8757517337799072,0.8228925466537476,0.776306688785553,0.7302860021591187,-0.025362372398376465,0.027496814727783203,0.07408267259597778,0.12010335922241211
QGS,TnT,Barn,PSNR,25.94445037841797,27.95942497253418,25.834388732910156,23.492708206176758,19.883358001708984,-2.014974594116211,0.1100616455078125,2.451742172241211,6.061092376708984
QGS,TnT,Barn,LPIPS,0.22068800032138824,0.15850964188575745,0.17542921006679535,0.18423953652381897,0.23267017304897308,-0.0621783584356308,-0.045258790254592896,-0.036448463797569275,0.011982172727584839
QGS,MP360,bicycle,SSIM,0.6120738387107849,0.7126086354255676,0.6685896515846252,0.6131120324134827,0.5531641244888306,-0.10053479671478271,-0.05651581287384033,-0.001038193702697754,0.058909714221954346
QGS,MP360,bicycle,PSNR,23.248851776123047,28.113210678100586,26.493967056274414,23.69100570678711,20.538930892944336,-4.864358901977539,-3.245115280151367,-0.4421539306640625,2.709920883178711
QGS,MP360,bicycle,LPIPS,0.3855045437812805,0.2185371071100235,0.2423165887594223,0.2033749222755432,0.3816062808036804,-0.16696743667125702,-0.14318795502185822,-0.1821296215057373,-0.0038982629776000977
QGS,MP360,bonsai,SSIM,0.9247576594352722,0.9239988327026367,0.903069794178009,0.8826975226402283,0.8726232647895813,0.000758826732635498,0.021687865257263184,0.042060136795043945,0.05213439464569092
QGS,MP360,bonsai,PSNR,30.4299373626709,31.52391242980957,29.60187530517578,27.653636932373047,24.903093338012695,-1.0939750671386719,0.8280620574951172,2.7763004302978516,5.526844024658203
QGS,MP360,bonsai,LPIPS,0.197892963886261,0.1126609742641449,0.13415133953094482,0.09961879253387451,0.13551181554794312,-0.08523198962211609,-0.06374162435531616,-0.09827417135238647,-0.06238114833831787
QGS,TnT,Caterpillar,SSIM,0.7561022639274597,0.7774338126182556,0.7169426083564758,0.6537595987319946,0.6200910210609436,-0.0213315486907959,0.03915965557098389,0.10234266519546509,0.1360112428665161
QGS,TnT,Caterpillar,PSNR,21.31900405883789,22.006263732910156,21.356359481811523,20.252349853515625,18.432859420776367,-0.6872596740722656,-0.03735542297363281,1.0666542053222656,2.8861446380615234
QGS,TnT,Caterpillar,LPIPS,0.2783365249633789,0.21618402004241943,0.21881632506847382,0.28795576095581055,0.3316039443016052,-0.06215250492095947,-0.05952019989490509,0.00961923599243164,0.05326741933822632
QGS,MP360,counter,SSIM,0.8758651614189148,0.8742420077323914,0.8425720930099487,0.8104576468467712,0.7781103849411011,0.0016231536865234375,0.033293068408966064,0.06540751457214355,0.09775477647781372
QGS,MP360,counter,PSNR,27.887468338012695,29.791013717651367,27.557376861572266,24.40734100341797,20.907331466674805,-1.9035453796386719,0.3300914764404297,3.4801273345947266,6.980136871337891
QGS,MP360,counter,LPIPS,0.22861149907112122,0.1727469116449356,0.1930956095457077,0.17832615971565247,0.17500346899032593,-0.05586458742618561,-0.03551588952541351,-0.05028533935546875,-0.05360803008079529
QGS,TnT,Courthouse,SSIM,0.7698336243629456,0.7718012928962708,0.6825574040412903,0.5603684186935425,0.5069713592529297,-0.0019676685333251953,0.08727622032165527,0.20946520566940308,0.26286226511001587
QGS,TnT,Courthouse,PSNR,20.990053176879883,21.42043685913086,20.499773025512695,18.911344528198242,16.65967559814453,-0.43038368225097656,0.4902801513671875,2.0787086486816406,4.330377578735352
QGS,TnT,Courthouse,LPIPS,0.31742095947265625,0.3198896050453186,0.31010115146636963,0.42225268483161926,0.4435460865497589,0.0024686455726623535,-0.007319808006286621,0.10483172535896301,0.12612512707710266
QGS,MP360,flowers,SSIM,0.4174918830394745,0.6326074004173279,0.5119850635528564,0.3651353120803833,0.30778950452804565,-0.2151155173778534,-0.09449318051338196,0.052356570959091187,0.10970237851142883
QGS,MP360,flowers,PSNR,18.917991638183594,26.93964385986328,23.83965492248535,20.128673553466797,16.576139450073242,-8.021652221679688,-4.921663284301758,-1.2106819152832031,2.3418521881103516
QGS,MP360,flowers,LPIPS,0.5149545669555664,0.34373077750205994,0.3462597131729126,0.3693806827068329,0.5991094708442688,-0.17122378945350647,-0.1686948537826538,-0.14557388424873352,0.08415490388870239
QGS,MP360,garden,SSIM,0.7083443999290466,0.7416816353797913,0.7429550290107727,0.7185370326042175,0.6808640360832214,-0.03333723545074463,-0.034610629081726074,-0.010192632675170898,0.027480363845825195
QGS,MP360,garden,PSNR,24.5430850982666,28.7094669342041,27.41385841369629,25.3360595703125,22.06658172607422,-4.1663818359375,-2.8707733154296875,-0.7929744720458984,2.476503372192383
QGS,MP360,garden,LPIPS,0.2941835820674896,0.17661815881729126,0.262789249420166,0.146565243601799,0.2947898805141449,-0.11756542325019836,-0.03139433264732361,-0.1476183384656906,0.0006062984466552734
QGS,TnT,Ignatius,SSIM,0.7770887613296509,0.8113920092582703,0.7791791558265686,0.7477140426635742,0.7300249338150024,-0.034303247928619385,-0.0020903944969177246,0.02937471866607666,0.04706382751464844
QGS,TnT,Ignatius,PSNR,21.0199031829834,23.119321823120117,22.37349510192871,20.725261688232422,19.138769149780273,-2.0994186401367188,-1.3535919189453125,0.29464149475097656,1.881134033203125
QGS,TnT,Ignatius,LPIPS,0.196003258228302,0.13807058334350586,0.16097114980220795,0.11762828379869461,0.20277170836925507,-0.05793267488479614,-0.035032108426094055,-0.07837497442960739,0.006768450140953064
QGS,MP360,kitchen,SSIM,0.8962023854255676,0.8987575173377991,0.8830804824829102,0.8823355436325073,0.8815916776657104,-0.0025551319122314453,0.01312190294265747,0.013866841793060303,0.014610707759857178
QGS,MP360,kitchen,PSNR,29.281455993652344,30.493677139282227,29.04538345336914,28.200651168823242,26.58808708190918,-1.2122211456298828,0.23607254028320312,1.0808048248291016,2.693368911743164
QGS,MP360,kitchen,LPIPS,0.15852336585521698,0.13070878386497498,0.14561931788921356,0.11994513124227524,0.12829968333244324,-0.027814581990242004,-0.012904047966003418,-0.03857823461294174,-0.030223682522773743
QGS,TnT,Meetingroom,SSIM,0.840333878993988,0.8393552303314209,0.7562926411628723,0.6856197714805603,0.6377431750297546,0.0009786486625671387,0.08404123783111572,0.15471410751342773,0.2025907039642334
QGS,TnT,Meetingroom,PSNR,22.339479446411133,22.175235748291016,20.226552963256836,18.730070114135742,16.9453125,0.1642436981201172,2.112926483154297,3.6094093322753906,5.394166946411133
QGS,TnT,Meetingroom,LPIPS,0.25788354873657227,0.20813195407390594,0.20740215480327606,0.21262367069721222,0.30530527234077454,-0.04975159466266632,-0.050481393933296204,-0.045259878039360046,0.04742172360420227
QGS,MP360,room,SSIM,0.9025241136550903,0.9046253561973572,0.8829668760299683,0.83650141954422,0.8016310930252075,-0.0021012425422668457,0.01955723762512207,0.06602269411087036,0.10089302062988281
QGS,MP360,room,PSNR,30.68181037902832,31.282989501953125,29.778764724731445,26.409629821777344,24.66423797607422,-0.6011791229248047,0.903045654296875,4.272180557250977,6.017572402954102
QGS,MP360,room,LPIPS,0.22321979701519012,0.13718172907829285,0.16393761336803436,0.13001197576522827,0.21817263960838318,-0.08603806793689728,-0.05928218364715576,-0.09320782124996185,-0.005047157406806946
QGS,MP360,stump,SSIM,0.6535887122154236,0.6681900024414062,0.6526879072189331,0.633111834526062,0.6199078559875488,-0.014601290225982666,0.0009008049964904785,0.020476877689361572,0.033680856227874756
QGS,MP360,stump,PSNR,24.68504524230957,27.511960983276367,26.16801643371582,23.946598052978516,21.818967819213867,-2.826915740966797,-1.48297119140625,0.7384471893310547,2.866077423095703
QGS,MP360,stump,LPIPS,0.36806803941726685,0.32698529958724976,0.37202781438827515,0.27014946937561035,0.33378830552101135,-0.04108273983001709,0.003959774971008301,-0.0979185700416565,-0.03427973389625549
QGS,MP360,treehill,SSIM,0.506553590297699,0.6441415548324585,0.5662935972213745,0.4526183307170868,0.3931049108505249,-0.13758796453475952,-0.05974000692367554,0.05393525958061218,0.11344867944717407
QGS,MP360,treehill,PSNR,21.360618591308594,25.827754974365234,23.84116554260254,21.911211013793945,18.39879608154297,-4.467136383056641,-2.4805469512939453,-0.5505924224853516,2.961822509765625
QGS,MP360,treehill,LPIPS,0.4989606440067291,0.3064863383769989,0.36008766293525696,0.309029221534729,0.5487474799156189,-0.19247430562973022,-0.13887298107147217,-0.18993142247200012,0.04978683590888977
QGS,TnT,Truck,SSIM,0.8470419645309448,0.8593834638595581,0.7993033528327942,0.7416970133781433,0.712272584438324,-0.012341499328613281,0.047738611698150635,0.10534495115280151,0.13476938009262085
QGS,TnT,Truck,PSNR,23.536182403564453,26.331727981567383,23.986465454101562,21.018085479736328,18.70301628112793,-2.7955455780029297,-0.4502830505371094,2.518096923828125,4.833166122436523
QGS,TnT,Truck,LPIPS,0.20470702648162842,0.18033981323242188,0.17541004717350006,0.19729939103126526,0.23911575973033905,-0.024367213249206543,-0.029296979308128357,-0.007407635450363159,0.03440873324871063
3dcs,TnT,Barn,SSIM,0.8765620589256287,0.898747980594635,0.8743798136711121,0.8415638208389282,0.8133360743522644,-0.022185921669006348,0.0021822452545166016,0.03499823808670044,0.06322598457336426
3dcs,TnT,Barn,PSNR,29.16057014465332,32.4249267578125,30.606239318847656,26.765621185302734,23.189382553100586,-3.2643566131591797,-1.445669174194336,2.394948959350586,5.971187591552734
3dcs,TnT,Barn,LPIPS,0.16376391053199768,0.11045647412538528,0.12951333820819855,0.10503088682889938,0.13995343446731567,-0.053307436406612396,-0.03425057232379913,-0.0587330237030983,-0.023810476064682007
3dcs,MP360,bicycle,SSIM,0.7363832592964172,0.7869003415107727,0.7542312145233154,0.7253410220146179,0.7021238803863525,-0.05051708221435547,-0.017847955226898193,0.011042237281799316,0.0342593789100647
3dcs,MP360,bicycle,PSNR,24.676170349121094,28.53026580810547,27.120952606201172,24.796045303344727,22.1966495513916,-3.854095458984375,-2.444782257080078,-0.11987495422363281,2.479520797729492
3dcs,MP360,bicycle,LPIPS,0.2175145000219345,0.13625386357307434,0.1468236893415451,0.1587771624326706,0.2355610430240631,-0.08126063644886017,-0.0706908106803894,-0.058737337589263916,0.0180465430021286
3dcs,MP360,bonsai,SSIM,0.9444883465766907,0.9415516257286072,0.933301568031311,0.9268137812614441,0.9252111315727234,0.002936720848083496,0.011186778545379639,0.017674565315246582,0.019277215003967285
3dcs,MP360,bonsai,PSNR,32.55391311645508,33.552650451660156,31.68013572692871,29.856821060180664,26.99830436706543,-0.9987373352050781,0.8737773895263672,2.697092056274414,5.555608749389648
3dcs,MP360,bonsai,LPIPS,0.17954714596271515,0.09158287197351456,0.12525644898414612,0.0744248628616333,0.08527330309152603,-0.08796427398920059,-0.05429069697856903,-0.10512228310108185,-0.09427384287118912
3dcs,TnT,Caterpillar,SSIM,0.7887884974479675,0.8069250583648682,0.7697322964668274,0.7084835171699524,0.6814770102500916,-0.018136560916900635,0.019056200981140137,0.08030498027801514,0.10731148719787598
3dcs,TnT,Caterpillar,PSNR,23.395654678344727,25.21238136291504,23.986032485961914,22.3345890045166,20.219593048095703,-1.8167266845703125,-0.5903778076171875,1.061065673828125,3.1760616302490234
3dcs,TnT,Caterpillar,LPIPS,0.23890124261379242,0.161433607339859,0.18312416970729828,0.1585918515920639,0.2995494306087494,-0.07746763527393341,-0.05577707290649414,-0.08030939102172852,0.06064818799495697
3dcs,MP360,counter,SSIM,0.9086434841156006,0.9066447615623474,0.8865525126457214,0.8672825694084167,0.8217410445213318,0.001998722553253174,0.02209097146987915,0.04136091470718384,0.0869024395942688
3dcs,MP360,counter,PSNR,29.05555534362793,31.2294864654541,28.952119827270508,25.97773551940918,21.198808670043945,-2.173931121826172,0.10343551635742188,3.07781982421875,7.856746673583984
3dcs,MP360,counter,LPIPS,0.18090681731700897,0.12945890426635742,0.14516982436180115,0.1294177919626236,0.1412138044834137,-0.05144791305065155,-0.035736992955207825,-0.051489025354385376,-0.039693012833595276
3dcs,TnT,Courthouse,SSIM,0.8088971376419067,0.812804639339447,0.7513181567192078,0.6797329187393188,0.6363054513931274,-0.003907501697540283,0.057578980922698975,0.1291642189025879,0.1725916862487793
3dcs,TnT,Courthouse,PSNR,22.79035186767578,23.411958694458008,22.167760848999023,20.912282943725586,18.814725875854492,-0.6216068267822266,0.6225910186767578,1.8780689239501953,3.975625991821289
3dcs,TnT,Courthouse,LPIPS,0.24074354767799377,0.2058972269296646,0.23677551746368408,0.2265816479921341,0.3322848975658417,-0.03484632074832916,-0.003968030214309692,-0.01416189968585968,0.0915413498878479
3dcs,MP360,flowers,SSIM,0.5739333629608154,0.7022682428359985,0.619598388671875,0.5516213774681091,0.5116125345230103,-0.1283348798751831,-0.04566502571105957,0.0223119854927063,0.062320828437805176
3dcs,MP360,flowers,PSNR,20.455717086791992,26.282085418701172,23.92902183532715,21.444828033447266,18.286558151245117,-5.82636833190918,-3.4733047485351562,-0.9891109466552734,2.169158935546875
3dcs,MP360,flowers,LPIPS,0.32221171259880066,0.20525787770748138,0.1884162276983261,0.21931910514831543,0.3707282245159149,-0.11695383489131927,-0.13379548490047455,-0.10289260745048523,0.04851651191711426
3dcs,MP360,garden,SSIM,0.8507776856422424,0.8774120211601257,0.8565311431884766,0.8452162742614746,0.834071159362793,-0.0266343355178833,-0.005753457546234131,0.005561411380767822,0.016706526279449463
3dcs,MP360,garden,PSNR,27.09023094177246,30.67612648010254,29.236249923706055,26.993085861206055,24.913589477539062,-3.585895538330078,-2.1460189819335938,0.09714508056640625,2.1766414642333984
3dcs,MP360,garden,LPIPS,0.1129670962691307,0.08266264945268631,0.08330850303173065,0.08065862208604813,0.12714241445064545,-0.030304446816444397,-0.029658593237400055,-0.03230847418308258,0.01417531818151474
3dcs,TnT,Ignatius,SSIM,0.7913867831230164,0.8258802890777588,0.7890140414237976,0.7375230193138123,0.7127617597579956,-0.03449350595474243,0.00237274169921875,0.0538637638092041,0.07862502336502075
3dcs,TnT,Ignatius,PSNR,22.823442459106445,24.75612449645996,23.915586471557617,22.046844482421875,19.869089126586914,-1.9326820373535156,-1.0921440124511719,0.7765979766845703,2.9543533325195312
3dcs,TnT,Ignatius,LPIPS,0.19910867512226105,0.16137412190437317,0.16153044998645782,0.14676356315612793,0.20507197082042694,-0.03773455321788788,-0.03757822513580322,-0.05234511196613312,0.0059632956981658936
3dcs,MP360,kitchen,SSIM,0.9298398494720459,0.935286283493042,0.9271717667579651,0.9255102872848511,0.9268630146980286,-0.005446434020996094,0.0026680827140808105,0.004329562187194824,0.002976834774017334
3dcs,MP360,kitchen,PSNR,31.828155517578125,33.17173385620117,31.777664184570312,30.752050399780273,29.041170120239258,-1.3435783386230469,0.0504913330078125,1.0761051177978516,2.786985397338867
3dcs,MP360,kitchen,LPIPS,0.11642400175333023,0.0919625535607338,0.1032448336482048,0.08352741599082947,0.09756443649530411,-0.024461448192596436,-0.013179168105125427,-0.03289658576250076,-0.018859565258026123
3dcs,TnT,Meetingroom,SSIM,0.885402262210846,0.8959202766418457,0.8462822437286377,0.7933619022369385,0.766533613204956,-0.010518014430999756,0.03912001848220825,0.09204035997390747,0.11886864900588989
3dcs,TnT,Meetingroom,PSNR,26.625131607055664,28.228994369506836,26.182222366333008,22.645061492919922,19.38374137878418,-1.6038627624511719,0.44290924072265625,3.980070114135742,7.241390228271484
3dcs,TnT,Meetingroom,LPIPS,0.20709790289402008,0.13483355939388275,0.15444622933864594,0.14963771402835846,0.18297728896141052,-0.07226434350013733,-0.052651673555374146,-0.05746018886566162,-0.024120613932609558
3dcs,MP360,room,SSIM,0.9246598482131958,0.9249638319015503,0.9096165299415588,0.8791363835334778,0.84731525182724,-0.0003039836883544922,0.015043318271636963,0.04552346467971802,0.07734459638595581
3dcs,MP360,room,PSNR,31.597593307495117,32.55405044555664,30.996694564819336,28.008832931518555,25.16748809814453,-0.9564571380615234,0.6008987426757812,3.5887603759765625,6.430105209350586
3dcs,MP360,room,LPIPS,0.19163276255130768,0.11631020158529282,0.13952244818210602,0.11737062782049179,0.1618429273366928,-0.07532256096601486,-0.05211031436920166,-0.07426213473081589,-0.029789835214614868
3dcs,MP360,stump,SSIM,0.7456187009811401,0.7529227137565613,0.7453671097755432,0.7419955134391785,0.7326186895370483,-0.007304012775421143,0.00025159120559692383,0.00362318754196167,0.013000011444091797
3dcs,MP360,stump,PSNR,26.046527862548828,28.827579498291016,27.55937385559082,25.325336456298828,23.6051025390625,-2.7810516357421875,-1.5128459930419922,0.72119140625,2.441425323486328
3dcs,MP360,stump,LPIPS,0.22834569215774536,0.21200419962406158,0.2173020839691162,0.17845328152179718,0.22618913650512695,-0.016341492533683777,-0.01104360818862915,-0.04989241063594818,-0.002156555652618408
3dcs,MP360,treehill,SSIM,0.5944960713386536,0.702376663684845,0.623647928237915,0.5487585067749023,0.5050064921379089,-0.1078805923461914,-0.029151856899261475,0.04573756456375122,0.08948957920074463
3dcs,MP360,treehill,PSNR,21.692289352416992,26.073097229003906,23.613325119018555,21.678577423095703,18.952280044555664,-4.380807876586914,-1.9210357666015625,0.013711929321289062,2.740009307861328
3dcs,MP360,treehill,LPIPS,0.3176354765892029,0.2547531723976135,0.21012520790100098,0.21247926354408264,0.3402702808380127,-0.06288230419158936,-0.1075102686882019,-0.10515621304512024,0.022634804248809814
3dcs,TnT,Truck,SSIM,0.8702277541160583,0.8934234380722046,0.8404330015182495,0.8053430318832397,0.7853970527648926,-0.02319568395614624,0.029794752597808838,0.0648847222328186,0.08483070135116577
3dcs,TnT,Truck,PSNR,25.659103393554688,29.935585021972656,26.672975540161133,23.608692169189453,20.345008850097656,-4.276481628417969,-1.0138721466064453,2.0504112243652344,5.314094543457031
3dcs,TnT,Truck,LPIPS,0.16811053454875946,0.1271672397851944,0.12843182682991028,0.13705356419086456,0.16260962188243866,-0.040943294763565063,-0.03967870771884918,-0.031056970357894897,-0.005500912666320801
radfoam,TnT,Barn,SSIM,0.8218278288841248,0.8481274843215942,0.7977803945541382,0.7424258589744568,0.6867204308509827,-0.026299655437469482,0.024047434329986572,0.07940196990966797,0.1351073980331421
radfoam,TnT,Barn,PSNR,27.041805267333984,29.05824089050293,27.62926483154297,25.362232208251953,21.11492156982422,-2.0164356231689453,-0.5874595642089844,1.6795730590820312,5.926883697509766
radfoam,TnT,Barn,LPIPS,0.2722938060760498,0.20093807578086853,0.21641692519187927,0.22694826126098633,0.31769225001335144,-0.07135573029518127,-0.05587688088417053,-0.04534554481506348,0.045398443937301636
radfoam,MP360,bicycle,SSIM,0.6763536334037781,0.7228097319602966,0.6976991891860962,0.6722775101661682,0.6458963751792908,-0.046456098556518555,-0.021345555782318115,0.004076123237609863,0.030457258224487305
radfoam,MP360,bicycle,PSNR,24.223173141479492,27.832937240600586,26.771883010864258,24.657854080200195,21.560405731201172,-3.6097640991210938,-2.5487098693847656,-0.4346809387207031,2.6627674102783203
radfoam,MP360,bicycle,LPIPS,0.32993263006210327,0.21386480331420898,0.23233234882354736,0.2192583531141281,0.31437304615974426,-0.11606782674789429,-0.09760028123855591,-0.11067427694797516,-0.015559583902359009
radfoam,MP360,bonsai,SSIM,0.9249391555786133,0.9135568141937256,0.9069797396659851,0.9082486033439636,0.9131830334663391,0.011382341384887695,0.017959415912628174,0.016690552234649658,0.01175612211227417
radfoam,MP360,bonsai,PSNR,32.17794418334961,32.79974365234375,31.182613372802734,29.552711486816406,26.998525619506836,-0.6217994689941406,0.995330810546875,2.625232696533203,5.179418563842773
radfoam,MP360,bonsai,LPIPS,0.20221468806266785,0.11542923748493195,0.14800342917442322,0.09746208786964417,0.10186202824115753,-0.0867854505777359,-0.05421125888824463,-0.10475260019302368,-0.10035265982151031
radfoam,TnT,Caterpillar,SSIM,0.7112069725990295,0.727586030960083,0.6725142002105713,0.6068316102027893,0.5698825120925903,-0.016379058361053467,0.03869277238845825,0.10437536239624023,0.1413244605064392
radfoam,TnT,Caterpillar,PSNR,21.845796585083008,23.18475341796875,22.415786743164062,20.980091094970703,18.7603702545166,-1.3389568328857422,-0.5699901580810547,0.8657054901123047,3.0854263305664062
radfoam,TnT,Caterpillar,LPIPS,0.34579357504844666,0.2513577342033386,0.2586033046245575,0.3523801863193512,0.40628716349601746,-0.09443584084510803,-0.08719027042388916,0.006586611270904541,0.0604935884475708
radfoam,MP360,counter,SSIM,0.8750388622283936,0.8627187609672546,0.8428758382797241,0.8405362367630005,0.8070573210716248,0.012320101261138916,0.032163023948669434,0.034502625465393066,0.0679815411567688
radfoam,MP360,counter,PSNR,28.53437042236328,29.637714385986328,28.02341079711914,25.78937339782715,21.727596282958984,-1.1033439636230469,0.5109596252441406,2.744997024536133,6.806774139404297
radfoam,MP360,counter,LPIPS,0.2194633036851883,0.16732074320316315,0.18634434044361115,0.1579039990901947,0.1617181897163391,-0.052142560482025146,-0.03311896324157715,-0.06155930459499359,-0.05774511396884918
radfoam,TnT,Courthouse,SSIM,0.7826491594314575,0.7706191539764404,0.7074002027511597,0.629964292049408,0.5891097187995911,0.01203000545501709,0.07524895668029785,0.15268486738204956,0.19353944063186646
radfoam,TnT,Courthouse,PSNR,21.65438461303711,21.970361709594727,21.501468658447266,20.276222229003906,18.126419067382812,-0.3159770965576172,0.15291595458984375,1.3781623840332031,3.527965545654297
radfoam,TnT,Courthouse,LPIPS,0.302619069814682,0.2843071520328522,0.2905491292476654,0.349138468503952,0.3864952027797699,-0.018311917781829834,-0.012069940567016602,0.04651939868927002,0.08387613296508789
radfoam,MP360,flowers,SSIM,0.5719420909881592,0.6749765276908875,0.6049350500106812,0.5532583594322205,0.5206430554389954,-0.10303443670272827,-0.03299295902252197,0.01868373155593872,0.05129903554916382
radfoam,MP360,flowers,PSNR,21.379777908325195,27.527376174926758,25.270971298217773,22.72987174987793,18.994375228881836,-6.1475982666015625,-3.891193389892578,-1.3500938415527344,2.3854026794433594
radfoam,MP360,flowers,LPIPS,0.3702847361564636,0.26502764225006104,0.28229716420173645,0.2480233609676361,0.38617801666259766,-0.10525709390640259,-0.08798757195472717,-0.12226137518882751,0.015893280506134033
radfoam,MP360,garden,SSIM,0.8102303147315979,0.8376681208610535,0.8202126026153564,0.8095679879188538,0.7921350598335266,-0.027437806129455566,-0.009982287883758545,0.0006623268127441406,0.01809525489807129
radfoam,MP360,garden,PSNR,26.557952880859375,30.157583236694336,28.978544235229492,26.91277503967285,24.148595809936523,-3.599630355834961,-2.420591354370117,-0.35482215881347656,2.4093570709228516
radfoam,MP360,garden,LPIPS,0.1675262600183487,0.11816928535699844,0.12833930552005768,0.11163333058357239,0.17684109508991241,-0.04935697466135025,-0.039186954498291016,-0.055892929434776306,0.00931483507156372
radfoam,TnT,Ignatius,SSIM,0.6950189471244812,0.7263569831848145,0.6714044809341431,0.6301547288894653,0.5777124166488647,-0.03133803606033325,0.023614466190338135,0.06486421823501587,0.11730653047561646
radfoam,TnT,Ignatius,PSNR,21.13548469543457,22.920888900756836,22.021024703979492,20.565221786499023,18.28884506225586,-1.7854042053222656,-0.8855400085449219,0.5702629089355469,2.846639633178711
radfoam,TnT,Ignatius,LPIPS,0.3398894965648651,0.286397784948349,0.2808102071285248,0.2971954345703125,0.366879940032959,-0.05349171161651611,-0.05907928943634033,-0.04269406199455261,0.026990443468093872
radfoam,MP360,kitchen,SSIM,0.9067034125328064,0.9054323434829712,0.8993960618972778,0.9037383198738098,0.9074828624725342,0.001271069049835205,0.0073073506355285645,0.002965092658996582,-0.0007794499397277832
radfoam,MP360,kitchen,PSNR,31.318775177001953,32.65517044067383,31.070514678955078,30.104904174804688,28.466630935668945,-1.336395263671875,0.248260498046875,1.2138710021972656,2.852144241333008
radfoam,MP360,kitchen,LPIPS,0.1492169052362442,0.12840168178081512,0.14596708118915558,0.10809500515460968,0.11621423810720444,-0.020815223455429077,-0.003249824047088623,-0.04112190008163452,-0.033002667129039764
radfoam,TnT,Meetingroom,SSIM,0.8272424936294556,0.819000244140625,0.7669983506202698,0.7202656269073486,0.7027861475944519,0.008242249488830566,0.06024414300918579,0.10697686672210693,0.12445634603500366
radfoam,TnT,Meetingroom,PSNR,23.035938262939453,22.968292236328125,21.58047866821289,20.324779510498047,18.381282806396484,0.06764602661132812,1.4554595947265625,2.7111587524414062,4.654655456542969
radfoam,TnT,Meetingroom,LPIPS,0.2692367136478424,0.20012713968753815,0.20917947590351105,0.19425667822360992,0.26829150319099426,-0.06910957396030426,-0.06005723774433136,-0.07498003542423248,-0.0009452104568481445
radfoam,MP360,room,SSIM,0.8963006138801575,0.8989943265914917,0.8839425444602966,0.8559603691101074,0.8179234266281128,-0.0026937127113342285,0.01235806941986084,0.04034024477005005,0.07837718725204468
radfoam,MP360,room,PSNR,30.56431770324707,31.592655181884766,30.309228897094727,27.440380096435547,24.641586303710938,-1.0283374786376953,0.25508880615234375,3.1239376068115234,5.922731399536133
radfoam,MP360,room,LPIPS,0.2244671732187271,0.13700872659683228,0.16616474092006683,0.1349249631166458,0.20397360622882843,-0.08745844662189484,-0.05830243229866028,-0.0895422101020813,-0.02049356698989868
radfoam,MP360,stump,SSIM,0.7100713849067688,0.7172085046768188,0.7070072889328003,0.7008446455001831,0.6948749423027039,-0.007137119770050049,0.003064095973968506,0.009226739406585693,0.015196442604064941
radfoam,MP360,stump,PSNR,25.40096664428711,27.962432861328125,26.80392837524414,24.668628692626953,22.96468734741211,-2.5614662170410156,-1.4029617309570312,0.7323379516601562,2.436279296875
radfoam,MP360,stump,LPIPS,0.2918941378593445,0.26542654633522034,0.27731823921203613,0.21483829617500305,0.27925044298171997,-0.026467591524124146,-0.01457589864730835,-0.07705584168434143,-0.012643694877624512
radfoam,MP360,treehill,SSIM,0.5935420989990234,0.6878950595855713,0.6178774237632751,0.5421928763389587,0.4969772696495056,-0.09435296058654785,-0.02433532476425171,0.0513492226600647,0.09656482934951782
radfoam,MP360,treehill,PSNR,22.044883728027344,26.167631149291992,23.75321388244629,22.103904724121094,19.13488006591797,-4.122747421264648,-1.7083301544189453,-0.05902099609375,2.910003662109375
radfoam,MP360,treehill,LPIPS,0.3980720341205597,0.3042880892753601,0.2808606028556824,0.24191652238368988,0.42135778069496155,-0.09378394484519958,-0.11721143126487732,-0.1561555117368698,0.023285746574401855
radfoam,TnT,Truck,SSIM,0.8133133053779602,0.8151161670684814,0.7588162422180176,0.7055288553237915,0.673946738243103,-0.0018028616905212402,0.05449706315994263,0.1077844500541687,0.13936656713485718
radfoam,TnT,Truck,PSNR,23.804733276367188,26.178598403930664,24.4141845703125,21.69666862487793,19.168437957763672,-2.3738651275634766,-0.6094512939453125,2.108064651489258,4.636295318603516
radfoam,TnT,Truck,LPIPS,0.2772735059261322,0.22911803424358368,0.22886499762535095,0.25262925028800964,0.3060455322265625,-0.04815547168254852,-0.04840850830078125,-0.02464425563812256,0.028772026300430298
triangle_splatting2,TnT,Barn,SSIM,0.8163057565689087,0.8469927906990051,0.7994063496589661,0.7387435436248779,0.698515772819519,-0.030687034130096436,0.016899406909942627,0.07756221294403076,0.11778998374938965
triangle_splatting2,TnT,Barn,PSNR,25.904287338256836,28.910860061645508,26.936960220336914,23.21875762939453,20.046600341796875,-3.006572723388672,-1.0326728820800781,2.6855297088623047,5.857686996459961
triangle_splatting2,TnT,Barn,LPIPS,0.27856799960136414,0.227189838886261,0.24413970112800598,0.19222520291805267,0.2813214063644409,-0.05137816071510315,-0.034428298473358154,-0.08634279668331146,0.0027534067630767822
triangle_splatting2,MP360,bicycle,SSIM,0.6479559540748596,0.7168718576431274,0.6766327023506165,0.6286644339561462,0.6024156212806702,-0.06891590356826782,-0.028676748275756836,0.01929152011871338,0.04554033279418945
triangle_splatting2,MP360,bicycle,PSNR,23.269990921020508,27.3336181640625,25.793262481689453,23.344560623168945,20.654691696166992,-4.063627243041992,-2.5232715606689453,-0.0745697021484375,2.6152992248535156
triangle_splatting2,MP360,bicycle,LPIPS,0.35056620836257935,0.20192542672157288,0.23698799312114716,0.21540088951587677,0.3439440131187439,-0.14864078164100647,-0.11357821524143219,-0.13516531884670258,-0.006622195243835449
triangle_splatting2,MP360,bonsai,SSIM,0.8959231972694397,0.8924517035484314,0.8792411088943481,0.864988386631012,0.8657447099685669,0.0034714937210083008,0.016682088375091553,0.030934810638427734,0.030178487300872803
triangle_splatting2,MP360,bonsai,PSNR,29.05521583557129,29.928592681884766,28.55836296081543,27.01685905456543,24.654539108276367,-0.8733768463134766,0.4968528747558594,2.0383567810058594,4.400676727294922
triangle_splatting2,MP360,bonsai,LPIPS,0.25661030411720276,0.19049669802188873,0.21185202896595,0.1786889284849167,0.17748664319515228,-0.06611360609531403,-0.04475827515125275,-0.07792137563228607,-0.07912366092205048
triangle_splatting2,TnT,Caterpillar,SSIM,0.6828311085700989,0.7149690985679626,0.6502277255058289,0.5669761300086975,0.5351909399032593,-0.03213798999786377,0.03260338306427002,0.11585497856140137,0.1476401686668396
triangle_splatting2,TnT,Caterpillar,PSNR,20.50898551940918,21.864084243774414,20.680891036987305,19.62034034729004,18.041929244995117,-1.3550987243652344,-0.171905517578125,0.8886451721191406,2.4670562744140625
triangle_splatting2,TnT,Caterpillar,LPIPS,0.3824763596057892,0.27708783745765686,0.31068485975265503,0.2741771638393402,0.46059563755989075,-0.10538852214813232,-0.07179149985313416,-0.10829919576644897,0.07811927795410156
triangle_splatting2,MP360,counter,SSIM,0.8738072514533997,0.8704745769500732,0.8451181650161743,0.8231871724128723,0.7880207300186157,0.003332674503326416,0.028689086437225342,0.050620079040527344,0.08578652143478394
triangle_splatting2,MP360,counter,PSNR,26.7314395904541,27.940162658691406,26.382455825805664,23.98964500427246,20.184123992919922,-1.2087230682373047,0.3489837646484375,2.7417945861816406,6.54731559753418
triangle_splatting2,MP360,counter,LPIPS,0.23237036168575287,0.19027237594127655,0.19977641105651855,0.18963950872421265,0.18097946047782898,-0.04209798574447632,-0.032593950629234314,-0.04273085296154022,-0.05139090120792389
triangle_splatting2,TnT,Courthouse,SSIM,0.748203456401825,0.7477228045463562,0.6649487614631653,0.5733411908149719,0.51849365234375,0.00048065185546875,0.08325469493865967,0.17486226558685303,0.22970980405807495
triangle_splatting2,TnT,Courthouse,PSNR,20.089876174926758,20.378002166748047,19.18400764465332,18.187177658081055,16.626434326171875,-0.28812599182128906,0.9058685302734375,1.9026985168457031,3.463441848754883
triangle_splatting2,TnT,Courthouse,LPIPS,0.33264821767807007,0.30995288491249084,0.3407455086708069,0.3403058350086212,0.4470134973526001,-0.022695332765579224,0.008097290992736816,0.0076576173305511475,0.11436527967453003
triangle_splatting2,MP360,flowers,SSIM,0.5239582657814026,0.6519808173179626,0.5599612593650818,0.49370908737182617,0.460822194814682,-0.12802255153656006,-0.0360029935836792,0.030249178409576416,0.06313607096672058
triangle_splatting2,MP360,flowers,PSNR,19.72036361694336,25.455421447753906,23.06355857849121,20.543474197387695,17.53941535949707,-5.735057830810547,-3.3431949615478516,-0.8231105804443359,2.180948257446289
triangle_splatting2,MP360,flowers,LPIPS,0.38989704847335815,0.28356802463531494,0.2818274199962616,0.28491806983947754,0.4209423363208771,-0.10632902383804321,-0.10806962847709656,-0.10497897863388062,0.03104528784751892
triangle_splatting2,MP360,garden,SSIM,0.7790848612785339,0.8157564997673035,0.7892630696296692,0.7701709866523743,0.7523797154426575,-0.03667163848876953,-0.010178208351135254,0.008913874626159668,0.026705145835876465
triangle_splatting2,MP360,garden,PSNR,25.1151065826416,28.67559242248535,27.168367385864258,25.14885139465332,22.867883682250977,-3.56048583984375,-2.0532608032226562,-0.03374481201171875,2.247222900390625
triangle_splatting2,MP360,garden,LPIPS,0.225471630692482,0.1377442330121994,0.1684277206659317,0.13208097219467163,0.24567200243473053,-0.08772739768028259,-0.05704391002655029,-0.09339065849781036,0.020200371742248535
triangle_splatting2,TnT,Ignatius,SSIM,0.6741818189620972,0.7262205481529236,0.6633394360542297,0.5786597728729248,0.5562092661857605,-0.052038729190826416,0.010842382907867432,0.09552204608917236,0.11797255277633667
triangle_splatting2,TnT,Ignatius,PSNR,19.371652603149414,21.23613166809082,20.382064819335938,18.560422897338867,16.74546241760254,-1.8644790649414062,-1.0104122161865234,0.8112297058105469,2.626190185546875
triangle_splatting2,TnT,Ignatius,LPIPS,0.3688265085220337,0.324514240026474,0.3155744671821594,0.33946454524993896,0.38552001118659973,-0.04431226849555969,-0.05325204133987427,-0.029361963272094727,0.01669350266456604
triangle_splatting2,MP360,kitchen,SSIM,0.8933998942375183,0.888390302658081,0.8814865350723267,0.8868334889411926,0.8965336680412292,0.005009591579437256,0.01191335916519165,0.006566405296325684,-0.0031337738037109375
triangle_splatting2,MP360,kitchen,PSNR,28.004486083984375,27.489057540893555,27.174732208251953,27.53204917907715,27.028554916381836,0.5154285430908203,0.8297538757324219,0.47243690490722656,0.9759311676025391
triangle_splatting2,MP360,kitchen,LPIPS,0.1751319020986557,0.18670101463794708,0.19262926280498505,0.1405191272497177,0.13401560485363007,0.011569112539291382,0.017497360706329346,-0.03461277484893799,-0.041116297245025635
triangle_splatting2,TnT,Meetingroom,SSIM,0.8286563158035278,0.8395301103591919,0.7665711045265198,0.6876129508018494,0.6623411774635315,-0.010873794555664062,0.06208521127700806,0.14104336500167847,0.16631513833999634
triangle_splatting2,TnT,Meetingroom,PSNR,22.873886108398438,23.394824981689453,21.854938507080078,19.1408634185791,16.79584312438965,-0.5209388732910156,1.0189476013183594,3.733022689819336,6.078042984008789
triangle_splatting2,TnT,Meetingroom,LPIPS,0.29801854491233826,0.24179707467556,0.2556116580963135,0.26055291295051575,0.28347575664520264,-0.05622147023677826,-0.04240688681602478,-0.03746563196182251,-0.01454278826713562
triangle_splatting2,MP360,room,SSIM,0.8774674534797668,0.8763788938522339,0.8559626340866089,0.8196365237236023,0.7894479036331177,0.001088559627532959,0.02150481939315796,0.05783092975616455,0.08801954984664917
triangle_splatting2,MP360,room,PSNR,28.408565521240234,28.99618148803711,27.75631332397461,25.04090118408203,23.11736297607422,-0.587615966796875,0.652252197265625,3.367664337158203,5.291202545166016
triangle_splatting2,MP360,room,LPIPS,0.2640874683856964,0.18229225277900696,0.2072097361087799,0.18263830244541168,0.23409076035022736,-0.08179521560668945,-0.056877732276916504,-0.08144916594028473,-0.029996708035469055
triangle_splatting2,MP360,stump,SSIM,0.6881140470504761,0.7035849094390869,0.6826883554458618,0.6726027727127075,0.6676397323608398,-0.01547086238861084,0.005425691604614258,0.015511274337768555,0.02047431468963623
triangle_splatting2,MP360,stump,PSNR,24.77086639404297,27.43478775024414,26.0050106048584,23.914581298828125,22.31052589416504,-2.663921356201172,-1.2341442108154297,0.8562850952148438,2.4603404998779297
triangle_splatting2,MP360,stump,LPIPS,0.3237404227256775,0.3092833459377289,0.30277445912361145,0.2468714416027069,0.30067411065101624,-0.014457076787948608,-0.02096596360206604,-0.07686898112297058,-0.023066312074661255
triangle_splatting2,MP360,treehill,SSIM,0.5559841990470886,0.6720855236053467,0.5795580148696899,0.4945148825645447,0.4529058039188385,-0.11610132455825806,-0.02357381582260132,0.061469316482543945,0.10307839512825012
triangle_splatting2,MP360,treehill,PSNR,21.027658462524414,24.175325393676758,22.20943832397461,20.805171966552734,18.17334747314453,-3.1476669311523438,-1.1817798614501953,0.2224864959716797,2.854310989379883
triangle_splatting2,MP360,treehill,LPIPS,0.4170275032520294,0.3245243430137634,0.2863917350769043,0.2626664638519287,0.44968488812446594,-0.09250316023826599,-0.13063576817512512,-0.1543610394001007,0.03265738487243652
triangle_splatting2,TnT,Truck,SSIM,0.8102485537528992,0.8449945449829102,0.7649312019348145,0.706749439239502,0.6810189485549927,-0.034745991230010986,0.04531735181808472,0.10349911451339722,0.1292296051979065
triangle_splatting2,TnT,Truck,PSNR,22.849258422851562,26.64101791381836,23.442752838134766,20.64520263671875,17.954124450683594,-3.791759490966797,-0.5934944152832031,2.2040557861328125,4.895133972167969
triangle_splatting2,TnT,Truck,LPIPS,0.2710776925086975,0.21968472003936768,0.22207018733024597,0.23381517827510834,0.2828584909439087,-0.051392972469329834,-0.04900750517845154,-0.03726251423358917,0.011780798435211182
2dgs,TnT,Barn,SSIM,0.8301020264625549,0.8678057193756104,0.8161919713020325,0.7526581287384033,0.7020707726478577,-0.03770369291305542,0.013910055160522461,0.07744389772415161,0.12803125381469727
2dgs,TnT,Barn,PSNR,27.083925247192383,29.874652862548828,27.837757110595703,24.828899383544922,20.542085647583008,-2.7907276153564453,-0.7538318634033203,2.255025863647461,6.541839599609375
2dgs,TnT,Barn,LPIPS,0.26992267370224,0.1780092567205429,0.2082875370979309,0.20884265005588531,0.2729211449623108,-0.09191341698169708,-0.06163513660430908,-0.061080023646354675,0.0029984712600708008
2dgs,MP360,bicycle,SSIM,0.7312305569648743,0.7839661240577698,0.754010796546936,0.7227498888969421,0.7010284662246704,-0.05273556709289551,-0.022780239582061768,0.008480668067932129,0.030202090740203857
2dgs,MP360,bicycle,PSNR,24.696504592895508,28.766786575317383,27.222265243530273,24.81167221069336,22.149316787719727,-4.070281982421875,-2.5257606506347656,-0.11516761779785156,2.5471878051757812
2dgs,MP360,bicycle,LPIPS,0.2745908796787262,0.14737141132354736,0.17735140025615692,0.16002407670021057,0.24755151569843292,-0.12721946835517883,-0.09723947942256927,-0.11456680297851562,-0.027039363980293274
2dgs,MP360,bonsai,SSIM,0.9288836121559143,0.9300222396850586,0.9179109334945679,0.9051662087440491,0.9004942178726196,-0.0011386275291442871,0.010972678661346436,0.023717403411865234,0.028389394283294678
2dgs,MP360,bonsai,PSNR,31.20986557006836,32.36024856567383,30.40601921081543,28.584653854370117,25.85870933532715,-1.1503829956054688,0.8038463592529297,2.625211715698242,5.351156234741211
2dgs,MP360,bonsai,LPIPS,0.22945962846279144,0.12426073849201202,0.16414892673492432,0.09852679073810577,0.11581064015626907,-0.10519888997077942,-0.06531070172786713,-0.13093283772468567,-0.11364898830652237
2dgs,TnT,Caterpillar,SSIM,0.7425041198730469,0.776841938495636,0.7134265303611755,0.6291719079017639,0.5941261649131775,-0.03433781862258911,0.029077589511871338,0.11333221197128296,0.14837795495986938
2dgs,TnT,Caterpillar,PSNR,22.492834091186523,24.031572341918945,23.04320526123047,21.243738174438477,19.026016235351562,-1.5387382507324219,-0.5503711700439453,1.2490959167480469,3.466817855834961
2dgs,TnT,Caterpillar,LPIPS,0.3181877136230469,0.2116640955209732,0.2267647385597229,0.3186911344528198,0.3508564233779907,-0.10652361810207367,-0.09142297506332397,0.0005034208297729492,0.03266870975494385
2dgs,MP360,counter,SSIM,0.8896432518959045,0.8895131945610046,0.8657364249229431,0.8393040895462036,0.793993353843689,0.00013005733489990234,0.023906826972961426,0.05033916234970093,0.09564989805221558
2dgs,MP360,counter,PSNR,28.047765731811523,29.825031280517578,27.708471298217773,24.873262405395508,20.402584075927734,-1.7772655487060547,0.33929443359375,3.1745033264160156,7.645181655883789
2dgs,MP360,counter,LPIPS,0.23366783559322357,0.16977247595787048,0.19653651118278503,0.16203056275844574,0.16067180037498474,-0.06389535963535309,-0.03713132441043854,-0.07163727283477783,-0.07299603521823883
2dgs,TnT,Courthouse,SSIM,0.782216489315033,0.7869347929954529,0.705400288105011,0.5863649845123291,0.5377995371818542,-0.004718303680419922,0.07681620121002197,0.19585150480270386,0.2444169521331787
2dgs,TnT,Courthouse,PSNR,21.425413131713867,21.536636352539062,20.67097282409668,19.19703483581543,17.064001083374023,-0.11122322082519531,0.7544403076171875,2.2283782958984375,4.361412048339844
2dgs,TnT,Courthouse,LPIPS,0.3124571740627289,0.2901743948459625,0.2910579442977905,0.39561134576797485,0.421568900346756,-0.022282779216766357,-0.021399229764938354,0.08315417170524597,0.1091117262840271
2dgs,MP360,flowers,SSIM,0.5714056491851807,0.7079934477806091,0.6237890720367432,0.5416295528411865,0.5034323334693909,-0.13658779859542847,-0.0523834228515625,0.02977609634399414,0.0679733157157898
2dgs,MP360,flowers,PSNR,21.067522048950195,28.169647216796875,25.63361358642578,22.349119186401367,18.591148376464844,-7.10212516784668,-4.566091537475586,-1.2815971374511719,2.4763736724853516
2dgs,MP360,flowers,LPIPS,0.37938135862350464,0.2505628764629364,0.259090781211853,0.2559424936771393,0.4223310351371765,-0.12881848216056824,-0.12029057741165161,-0.12343886494636536,0.042949676513671875
2dgs,MP360,garden,SSIM,0.8374446034431458,0.8621814250946045,0.84515780210495,0.8336291313171387,0.8209061622619629,-0.02473682165145874,-0.007713198661804199,0.00381547212600708,0.01653844118118286
2dgs,MP360,garden,PSNR,26.60024070739746,30.21286964416504,28.806442260742188,26.699731826782227,24.37953758239746,-3.612628936767578,-2.2062015533447266,-0.09949111938476562,2.220703125
2dgs,MP360,garden,LPIPS,0.1550227850675583,0.10285917669534683,0.14301155507564545,0.09150886535644531,0.15221956372261047,-0.052163608372211456,-0.012011229991912842,-0.06351391971111298,-0.002803221344947815
2dgs,TnT,Ignatius,SSIM,0.7570973038673401,0.7924169301986694,0.7385228872299194,0.6964815258979797,0.6547954678535461,-0.035319626331329346,0.018574416637420654,0.06061577796936035,0.10230183601379395
2dgs,TnT,Ignatius,PSNR,21.762386322021484,23.519094467163086,22.498924255371094,20.91759490966797,18.897911071777344,-1.7567081451416016,-0.7365379333496094,0.8447914123535156,2.8644752502441406
2dgs,TnT,Ignatius,LPIPS,0.2754216194152832,0.19058088958263397,0.21643522381782532,0.24278178811073303,0.26484164595603943,-0.08484072983264923,-0.058986395597457886,-0.03263983130455017,-0.010579973459243774
2dgs,MP360,kitchen,SSIM,0.9137042164802551,0.9156931042671204,0.9077752232551575,0.908114492893219,0.9109987616539001,-0.0019888877868652344,0.005928993225097656,0.005589723587036133,0.0027054548263549805
2dgs,MP360,kitchen,PSNR,30.263671875,31.186498641967773,29.96217155456543,29.228384017944336,27.80329704284668,-0.9228267669677734,0.3015003204345703,1.035287857055664,2.4603748321533203
2dgs,MP360,kitchen,LPIPS,0.14897382259368896,0.12651237845420837,0.14626912772655487,0.10332261025905609,0.10861175507307053,-0.02246144413948059,-0.0027046948671340942,-0.045651212334632874,-0.04036206752061844
2dgs,TnT,Meetingroom,SSIM,0.8611026406288147,0.8652327656745911,0.7965186834335327,0.7332723736763,0.6990165710449219,-0.004130125045776367,0.06458395719528198,0.12783026695251465,0.16208606958389282
2dgs,TnT,Meetingroom,PSNR,25.000667572021484,25.47659683227539,23.023509979248047,21.178659439086914,18.75291633605957,-0.47592926025390625,1.9771575927734375,3.8220081329345703,6.247751235961914
2dgs,TnT,Meetingroom,LPIPS,0.26690104603767395,0.17868579924106598,0.19388604164123535,0.17474506795406342,0.24227744340896606,-0.08821524679660797,-0.0730150043964386,-0.09215597808361053,-0.024623602628707886
2dgs,MP360,room,SSIM,0.904313325881958,0.9065612554550171,0.8875380158424377,0.8484004139900208,0.8124203085899353,-0.002247929573059082,0.016775310039520264,0.055912911891937256,0.0918930172920227
2dgs,MP360,room,PSNR,30.58669090270996,31.184545516967773,29.658077239990234,26.660221099853516,24.176164627075195,-0.5978546142578125,0.9286136627197266,3.9264698028564453,6.410526275634766
2dgs,MP360,room,LPIPS,0.24635979533195496,0.15217341482639313,0.18359090387821198,0.15010543167591095,0.19572091102600098,-0.09418638050556183,-0.06276889145374298,-0.096254363656044,-0.05063888430595398
2dgs,MP360,stump,SSIM,0.754364013671875,0.7651090621948242,0.7563332915306091,0.7454402446746826,0.7352725863456726,-0.010745048522949219,-0.001969277858734131,0.008923768997192383,0.019091427326202393
2dgs,MP360,stump,PSNR,26.110305786132812,28.973464965820312,27.694766998291016,25.30672836303711,23.50684356689453,-2.8631591796875,-1.5844612121582031,0.8035774230957031,2.6034622192382812
2dgs,MP360,stump,LPIPS,0.26436519622802734,0.23026156425476074,0.26378655433654785,0.17832452058792114,0.24131129682064056,-0.0341036319732666,-0.0005786418914794922,-0.0860406756401062,-0.02305389940738678
2dgs,MP360,treehill,SSIM,0.6160461902618408,0.719729483127594,0.6409016251564026,0.5609455108642578,0.5160725116729736,-0.10368329286575317,-0.024855434894561768,0.05510067939758301,0.09997367858886719
2dgs,MP360,treehill,PSNR,22.29220962524414,26.393566131591797,24.045164108276367,22.212411880493164,19.017602920532227,-4.101356506347656,-1.7529544830322266,0.07979774475097656,3.274606704711914
2dgs,MP360,treehill,LPIPS,0.3808530569076538,0.2874864637851715,0.25350773334503174,0.23348276317119598,0.38658401370048523,-0.0933665931224823,-0.12734532356262207,-0.14737029373645782,0.005730956792831421
2dgs,TnT,Truck,SSIM,0.8492380380630493,0.864510715007782,0.8170469999313354,0.76869136095047,0.7409982681274414,-0.015272676944732666,0.03219103813171387,0.08054667711257935,0.10823976993560791
2dgs,TnT,Truck,PSNR,24.674652099609375,27.461034774780273,25.092586517333984,22.112319946289062,19.579776763916016,-2.7863826751708984,-0.4179344177246094,2.5623321533203125,5.094875335693359
2dgs,TnT,Truck,LPIPS,0.24248862266540527,0.16195544600486755,0.17672865092754364,0.17008161544799805,0.18837498128414154,-0.08053317666053772,-0.06575997173786163,-0.07240700721740723,-0.05411364138126373
radegs,TnT,Barn,SSIM,0.859066367149353,0.8727453947067261,0.8444701433181763,0.8151541352272034,0.7678781747817993,-0.013679027557373047,0.014596223831176758,0.04391223192214966,0.09118819236755371
radegs,TnT,Barn,PSNR,25.90410614013672,26.54641342163086,25.116252899169922,22.66962432861328,19.410045623779297,-0.6423072814941406,0.7878532409667969,3.2344818115234375,6.494060516357422
radegs,TnT,Barn,LPIPS,0.2307998239994049,0.16447284817695618,0.14823268353939056,0.16026753187179565,0.19897635281085968,-0.06632697582244873,-0.08256714046001434,-0.07053229212760925,-0.03182347118854523
radegs,MP360,bicycle,SSIM,0.8084042072296143,0.8323309421539307,0.8122236728668213,0.8118879795074463,0.7903726100921631,-0.023926734924316406,-0.0038194656372070312,-0.0034837722778320312,0.018031597137451172
radegs,MP360,bicycle,PSNR,25.4129581451416,27.805221557617188,26.056631088256836,23.815994262695312,21.892324447631836,-2.392263412475586,-0.6436729431152344,1.596963882446289,3.5206336975097656
radegs,MP360,bicycle,LPIPS,0.16685177385807037,0.11144798994064331,0.10553775727748871,0.10800422728061676,0.12250321358442307,-0.05540378391742706,-0.061314016580581665,-0.05884754657745361,-0.04434856027364731
radegs,MP360,bonsai,SSIM,0.9459351301193237,0.9394871592521667,0.9311283230781555,0.9220764636993408,0.9166853427886963,0.006447970867156982,0.014806807041168213,0.02385866641998291,0.02924978733062744
radegs,MP360,bonsai,PSNR,30.16994857788086,29.7232666015625,28.539260864257812,27.242246627807617,24.54157829284668,0.4466819763183594,1.6306877136230469,2.927701950073242,5.62837028503418
radegs,MP360,bonsai,LPIPS,0.1694428026676178,0.10293789952993393,0.0848616287112236,0.06854843348264694,0.06706777960062027,-0.06650490313768387,-0.0845811739563942,-0.10089436918497086,-0.10237502306699753
radegs,TnT,Caterpillar,SSIM,0.7764511704444885,0.7790491580963135,0.7364466190338135,0.6886529922485352,0.6554268002510071,-0.002597987651824951,0.04000455141067505,0.08779817819595337,0.12102437019348145
radegs,TnT,Caterpillar,PSNR,21.780858993530273,22.23372459411621,21.34833335876465,19.521333694458008,17.862106323242188,-0.4528656005859375,0.432525634765625,2.2595252990722656,3.918752670288086
radegs,TnT,Caterpillar,LPIPS,0.2692706286907196,0.19486171007156372,0.17773109674453735,0.24821655452251434,0.23180536925792694,-0.07440891861915588,-0.09153953194618225,-0.02105407416820526,-0.037465259432792664
radegs,MP360,counter,SSIM,0.914103090763092,0.9014492034912109,0.8808107972145081,0.8593753576278687,0.7871372103691101,0.012653887271881104,0.033292293548583984,0.05472773313522339,0.12696588039398193
radegs,MP360,counter,PSNR,28.776615142822266,28.595727920532227,26.2869873046875,23.37816047668457,18.111242294311523,0.18088722229003906,2.4896278381347656,5.398454666137695,10.665372848510742
radegs,MP360,counter,LPIPS,0.18192623555660248,0.14045806229114532,0.12867304682731628,0.13383984565734863,0.1328187733888626,-0.04146817326545715,-0.053253188729286194,-0.048086389899253845,-0.04910746216773987
radegs,TnT,Courthouse,SSIM,0.7564069628715515,0.7091124653816223,0.6249908804893494,0.5105193853378296,0.48293396830558777,0.0472944974899292,0.13141608238220215,0.24588757753372192,0.27347299456596375
radegs,TnT,Courthouse,PSNR,19.8713321685791,18.90644645690918,18.181583404541016,16.677061080932617,15.076013565063477,0.9648857116699219,1.689748764038086,3.1942710876464844,4.795318603515625
radegs,TnT,Courthouse,LPIPS,0.33046475052833557,0.3263038396835327,0.3307648301124573,0.43089112639427185,0.4349372982978821,-0.0041609108448028564,0.0003000795841217041,0.10042637586593628,0.10447254776954651
radegs,MP360,flowers,SSIM,0.6560407280921936,0.722108781337738,0.686098039150238,0.6632053852081299,0.6094359159469604,-0.06606805324554443,-0.030057311058044434,-0.007164657115936279,0.046604812145233154
radegs,MP360,flowers,PSNR,21.502777099609375,25.078460693359375,23.24789810180664,21.12454605102539,18.276268005371094,-3.57568359375,-1.7451210021972656,0.3782310485839844,3.2265090942382812
radegs,MP360,flowers,LPIPS,0.27726611495018005,0.20157943665981293,0.2199317067861557,0.18096697330474854,0.25966450572013855,-0.07568667829036713,-0.05733440816402435,-0.09629914164543152,-0.017601609230041504
radegs,MP360,garden,SSIM,0.8804758191108704,0.8983938694000244,0.8864796757698059,0.8827009201049805,0.8650826811790466,-0.017918050289154053,-0.006003856658935547,-0.0022251009941101074,0.01539313793182373
radegs,MP360,garden,PSNR,27.07549285888672,28.607629776000977,27.30988883972168,25.29750633239746,24.052907943725586,-1.5321369171142578,-0.23439598083496094,1.7779865264892578,3.022584915161133
radegs,MP360,garden,LPIPS,0.09653451293706894,0.0760987401008606,0.06944922357797623,0.059607792645692825,0.09538697451353073,-0.020435772836208344,-0.027085289359092712,-0.036926720291376114,-0.001147538423538208
radegs,TnT,Ignatius,SSIM,0.7733975052833557,0.7824413180351257,0.7410920858383179,0.722169816493988,0.6761541366577148,-0.00904381275177002,0.03230541944503784,0.051227688789367676,0.09724336862564087
radegs,TnT,Ignatius,PSNR,20.9472599029541,21.837003707885742,20.621723175048828,19.008224487304688,17.3973445892334,-0.8897438049316406,0.32553672790527344,1.939035415649414,3.549915313720703
radegs,TnT,Ignatius,LPIPS,0.23676995933055878,0.1808902472257614,0.1659722477197647,0.17910075187683105,0.19051487743854523,-0.05587971210479736,-0.07079771161079407,-0.05766920745372772,-0.04625508189201355
radegs,MP360,kitchen,SSIM,0.9317870140075684,0.9298952221870422,0.9236686825752258,0.9297688007354736,0.9352787733078003,0.001891791820526123,0.00811833143234253,0.0020182132720947266,-0.0034917593002319336
radegs,MP360,kitchen,PSNR,30.146944046020508,30.287067413330078,29.000059127807617,28.236129760742188,26.70452308654785,-0.1401233673095703,1.1468849182128906,1.9108142852783203,3.4424209594726562
radegs,MP360,kitchen,LPIPS,0.11600799858570099,0.09817540645599365,0.0977296233177185,0.08270681649446487,0.06216595694422722,-0.017832592129707336,-0.018278375267982483,-0.033301182091236115,-0.05384204164147377
radegs,TnT,Meetingroom,SSIM,0.8754193186759949,0.8466908931732178,0.7801739573478699,0.7361910343170166,0.7172144055366516,0.0287284255027771,0.095245361328125,0.13922828435897827,0.15820491313934326
radegs,TnT,Meetingroom,PSNR,25.245223999023438,24.354764938354492,21.53087043762207,20.07818031311035,17.65638542175293,0.8904590606689453,3.714353561401367,5.167043685913086,7.588838577270508
radegs,TnT,Meetingroom,LPIPS,0.23966024816036224,0.16093720495700836,0.1589689403772354,0.1515817493200302,0.21048025786876678,-0.07872304320335388,-0.08069130778312683,-0.08807849884033203,-0.02917999029159546
radegs,MP360,room,SSIM,0.9276939630508423,0.9145272970199585,0.8944728374481201,0.8817327618598938,0.85842365026474,0.013166666030883789,0.03322112560272217,0.045961201190948486,0.0692703127861023
radegs,MP360,room,PSNR,29.61146354675293,28.92988395690918,27.638315200805664,25.058067321777344,22.99759864807129,0.68157958984375,1.9731483459472656,4.553396224975586,6.613864898681641
radegs,MP360,room,LPIPS,0.18606948852539062,0.1400155872106552,0.12469484657049179,0.11479242891073227,0.0979122519493103,-0.04605390131473541,-0.061374641954898834,-0.07127705961465836,-0.08815723657608032
radegs,MP360,stump,SSIM,0.8133004903793335,0.8169556856155396,0.8225234746932983,0.8219234943389893,0.8092933893203735,-0.0036551952362060547,-0.009222984313964844,-0.008623003959655762,0.004007101058959961
radegs,MP360,stump,PSNR,27.235458374023438,28.58000373840332,26.995725631713867,24.65337371826172,23.45271110534668,-1.3445453643798828,0.2397327423095703,2.5820846557617188,3.782747268676758
radegs,MP360,stump,LPIPS,0.18197636306285858,0.17903254926204681,0.15650007128715515,0.13019812107086182,0.14063112437725067,-0.0029438138008117676,-0.02547629177570343,-0.051778241991996765,-0.04134523868560791
radegs,MP360,treehill,SSIM,0.66774582862854,0.704724907875061,0.658345639705658,0.6021163463592529,0.5576278567314148,-0.036979079246520996,0.00940018892288208,0.06562948226928711,0.11011797189712524
radegs,MP360,treehill,PSNR,22.397865295410156,23.940444946289062,21.881357192993164,19.968708038330078,17.74049186706543,-1.5425796508789062,0.5165081024169922,2.429157257080078,4.657373428344727
radegs,MP360,treehill,LPIPS,0.2661495506763458,0.20260800421237946,0.2078159749507904,0.16321426630020142,0.28690987825393677,-0.06354154646396637,-0.05833357572555542,-0.10293528437614441,0.020760327577590942
radegs,TnT,Truck,SSIM,0.8653606176376343,0.8475620746612549,0.8077757954597473,0.7835584282875061,0.7597475051879883,0.017798542976379395,0.05758482217788696,0.08180218935012817,0.105613112449646
radegs,TnT,Truck,PSNR,22.769527435302734,24.07143783569336,22.46010398864746,20.234434127807617,18.391544342041016,-1.301910400390625,0.30942344665527344,2.535093307495117,4.377983093261719
radegs,TnT,Truck,LPIPS,0.20472119748592377,0.1455761343240738,0.14500799775123596,0.1477607935667038,0.16196385025978088,-0.059145063161849976,-0.059713199734687805,-0.05696040391921997,-0.04275734722614288
3dhgs,TnT,Barn,SSIM,0.8521811962127686,0.8859704732894897,0.8427588939666748,0.7919324636459351,0.7551184296607971,-0.03378927707672119,0.00942230224609375,0.060248732566833496,0.09706276655197144
3dhgs,TnT,Barn,PSNR,28.524404525756836,32.19156265258789,29.723764419555664,26.16798973083496,21.654064178466797,-3.6671581268310547,-1.1993598937988281,2.356414794921875,6.870340347290039
3dhgs,TnT,Barn,LPIPS,0.23450946807861328,0.14283356070518494,0.17012152075767517,0.16630807518959045,0.2050393670797348,-0.09167590737342834,-0.06438794732093811,-0.06820139288902283,-0.02947010099887848
3dhgs,MP360,bicycle,SSIM,0.7652979493141174,0.8026241064071655,0.7742279171943665,0.7567299008369446,0.7417404055595398,-0.037326157093048096,-0.008929967880249023,0.008568048477172852,0.023557543754577637
3dhgs,MP360,bicycle,PSNR,25.218854904174805,28.933351516723633,27.424245834350586,25.1779727935791,22.816347122192383,-3.714496612548828,-2.2053909301757812,0.040882110595703125,2.402507781982422
3dhgs,MP360,bicycle,LPIPS,0.20008276402950287,0.1268288493156433,0.1445520520210266,0.13279861211776733,0.17432919144630432,-0.07325391471385956,-0.05553071200847626,-0.06728415191173553,-0.025753572583198547
3dhgs,MP360,bonsai,SSIM,0.9450823068618774,0.9430937767028809,0.9380229115486145,0.9352261424064636,0.9351810812950134,0.001988530158996582,0.0070593953132629395,0.009856164455413818,0.009901225566864014
3dhgs,MP360,bonsai,PSNR,33.22890853881836,34.17100143432617,32.37473678588867,30.709430694580078,28.0057315826416,-0.9420928955078125,0.8541717529296875,2.5194778442382812,5.223176956176758
3dhgs,MP360,bonsai,LPIPS,0.2001534104347229,0.10008491575717926,0.13975128531455994,0.07275465130805969,0.07940007746219635,-0.10006849467754364,-0.060402125120162964,-0.1273987591266632,-0.12075333297252655
3dhgs,TnT,Caterpillar,SSIM,0.7835220694541931,0.8107908368110657,0.7578105926513672,0.6894895434379578,0.6588229537010193,-0.02726876735687256,0.025711476802825928,0.09403252601623535,0.12469911575317383
3dhgs,TnT,Caterpillar,PSNR,24.098533630371094,26.062240600585938,24.941619873046875,22.834184646606445,20.354724884033203,-1.9637069702148438,-0.8430862426757812,1.2643489837646484,3.7438087463378906
3dhgs,TnT,Caterpillar,LPIPS,0.2606222331523895,0.16989456117153168,0.18193940818309784,0.26325300335884094,0.2888275682926178,-0.09072767198085785,-0.07868282496929169,0.002630770206451416,0.02820533514022827
3dhgs,MP360,counter,SSIM,0.9115113019943237,0.9092861413955688,0.8918211460113525,0.8769097924232483,0.8405752778053284,0.002225160598754883,0.01969015598297119,0.03460150957107544,0.07093602418899536
3dhgs,MP360,counter,PSNR,29.646329879760742,31.533205032348633,29.45233917236328,26.600473403930664,21.856555938720703,-1.8868751525878906,0.19399070739746094,3.045856475830078,7.789773941040039
3dhgs,MP360,counter,LPIPS,0.19362738728523254,0.13480105996131897,0.1573319435119629,0.12763625383377075,0.12683004140853882,-0.058826327323913574,-0.03629544377326965,-0.06599113345146179,-0.06679734587669373
3dhgs,TnT,Courthouse,SSIM,0.8134769201278687,0.8187868595123291,0.7465596199035645,0.6466410756111145,0.6032716631889343,-0.005309939384460449,0.0669173002243042,0.16683584451675415,0.21020525693893433
3dhgs,TnT,Courthouse,PSNR,23.304885864257812,23.828420639038086,22.72949981689453,20.870798110961914,18.35955238342285,-0.5235347747802734,0.5753860473632812,2.4340877532958984,4.945333480834961
3dhgs,TnT,Courthouse,LPIPS,0.26331692934036255,0.24043959379196167,0.23919178545475006,0.33618465065956116,0.36214479804039,-0.02287733554840088,-0.024125143885612488,0.07286772131919861,0.09882786870002747
3dhgs,MP360,flowers,SSIM,0.6038232445716858,0.7231993079185486,0.6451901793479919,0.5803652405738831,0.5466824173927307,-0.11937606334686279,-0.04136693477630615,0.023458003997802734,0.05714082717895508
3dhgs,MP360,flowers,PSNR,21.56631851196289,28.142963409423828,25.868879318237305,22.804590225219727,19.1453800201416,-6.5766448974609375,-4.302560806274414,-1.238271713256836,2.420938491821289
3dhgs,MP360,flowers,LPIPS,0.33438804745674133,0.2142745554447174,0.21475458145141602,0.2223658561706543,0.37279215455055237,-0.12011349201202393,-0.11963346600532532,-0.11202219128608704,0.038404107093811035
3dhgs,MP360,garden,SSIM,0.86269211769104,0.8847712874412537,0.8664453029632568,0.8572706580162048,0.8477151393890381,-0.022079169750213623,-0.003753185272216797,0.005421459674835205,0.014976978302001953
3dhgs,MP360,garden,PSNR,27.43816375732422,31.1821231842041,29.709287643432617,27.369644165039062,25.179086685180664,-3.743959426879883,-2.2711238861083984,0.06851959228515625,2.2590770721435547
3dhgs,MP360,garden,LPIPS,0.1063205674290657,0.07820798456668854,0.09577596932649612,0.07039488106966019,0.111026830971241,-0.028112582862377167,-0.01054459810256958,-0.03592568635940552,0.004706263542175293
3dhgs,TnT,Ignatius,SSIM,0.7807641625404358,0.812753438949585,0.763288676738739,0.725492000579834,0.6864301562309265,-0.03198927640914917,0.017475485801696777,0.05527216196060181,0.09433400630950928
3dhgs,TnT,Ignatius,PSNR,22.61089515686035,24.502426147460938,23.541919708251953,21.817012786865234,19.721120834350586,-1.891530990600586,-0.9310245513916016,0.7938823699951172,2.8897743225097656
3dhgs,TnT,Ignatius,LPIPS,0.23216700553894043,0.1627229005098343,0.18252068758010864,0.2052772343158722,0.22396402060985565,-0.06944410502910614,-0.04964631795883179,-0.026889771223068237,-0.008202984929084778
3dhgs,MP360,kitchen,SSIM,0.9292719960212708,0.9338210821151733,0.9257765412330627,0.9251345992088318,0.9263103008270264,-0.004549086093902588,0.003495454788208008,0.004137396812438965,0.0029616951942443848
3dhgs,MP360,kitchen,PSNR,32.094993591308594,33.98581314086914,32.055931091308594,30.818408966064453,29.088720321655273,-1.8908195495605469,0.0390625,1.2765846252441406,3.0062732696533203
3dhgs,MP360,kitchen,LPIPS,0.12191960215568542,0.10074403882026672,0.11471728980541229,0.08560050278902054,0.09488151967525482,-0.0211755633354187,-0.007202312350273132,-0.036319099366664886,-0.027038082480430603
3dhgs,TnT,Meetingroom,SSIM,0.8799257278442383,0.8879562616348267,0.8262726664543152,0.7669251561164856,0.7343209385871887,-0.008030533790588379,0.053653061389923096,0.11300057172775269,0.14560478925704956
3dhgs,TnT,Meetingroom,PSNR,26.49510383605957,27.76408576965332,24.909523010253906,22.628774642944336,19.70488739013672,-1.26898193359375,1.585580825805664,3.8663291931152344,6.790216445922852
3dhgs,TnT,Meetingroom,LPIPS,0.23080657422542572,0.14509539306163788,0.15614375472068787,0.14140304923057556,0.20910988748073578,-0.08571118116378784,-0.07466281950473785,-0.08940352499485016,-0.02169668674468994
3dhgs,MP360,room,SSIM,0.9219388961791992,0.9230569005012512,0.9085574746131897,0.876622200012207,0.8471623063087463,-0.001118004322052002,0.013381421566009521,0.04531669616699219,0.07477658987045288
3dhgs,MP360,room,PSNR,32.02804183959961,33.108375549316406,31.514976501464844,28.227445602416992,25.444360733032227,-1.0803337097167969,0.5130653381347656,3.800596237182617,6.583681106567383
3dhgs,MP360,room,LPIPS,0.21276992559432983,0.12773051857948303,0.1565474271774292,0.12549465894699097,0.15953505039215088,-0.0850394070148468,-0.056222498416900635,-0.08727526664733887,-0.053234875202178955
3dhgs,MP360,stump,SSIM,0.7603554725646973,0.7663279175758362,0.7575337886810303,0.7559252977371216,0.7502340078353882,-0.005972445011138916,0.002821683883666992,0.004430174827575684,0.010121464729309082
3dhgs,MP360,stump,PSNR,26.409563064575195,29.11760711669922,27.800662994384766,25.56978988647461,24.011981964111328,-2.7080440521240234,-1.3910999298095703,0.8397731781005859,2.397581100463867
3dhgs,MP360,stump,LPIPS,0.2176051139831543,0.20149089395999908,0.22402255237102509,0.15900057554244995,0.19494277238845825,-0.016114220023155212,0.006417438387870789,-0.058604538440704346,-0.022662341594696045
3dhgs,MP360,treehill,SSIM,0.6315970420837402,0.7219929695129395,0.6496512293815613,0.5805801153182983,0.5411578416824341,-0.09039592742919922,-0.018054187297821045,0.051016926765441895,0.09043920040130615
3dhgs,MP360,treehill,PSNR,22.58003044128418,26.572336196899414,24.46088981628418,22.454607009887695,19.384864807128906,-3.9923057556152344,-1.880859375,0.12542343139648438,3.1951656341552734
3dhgs,MP360,treehill,LPIPS,0.31692588329315186,0.24047575891017914,0.21321384608745575,0.19757650792598724,0.3144078850746155,-0.07645012438297272,-0.1037120372056961,-0.11934937536716461,-0.002517998218536377
3dhgs,TnT,Truck,SSIM,0.8621060848236084,0.8756911754608154,0.8298207521438599,0.7871320247650146,0.7625953555107117,-0.013585090637207031,0.032285332679748535,0.07497406005859375,0.09951072931289673
3dhgs,TnT,Truck,PSNR,25.660154342651367,29.186992645263672,26.298803329467773,22.925155639648438,20.172700881958008,-3.5268383026123047,-0.6386489868164062,2.7349987030029297,5.487453460693359
3dhgs,TnT,Truck,LPIPS,0.21005818247795105,0.14003130793571472,0.14959435164928436,0.1486664116382599,0.16687437891960144,-0.07002687454223633,-0.06046383082866669,-0.06139177083969116,-0.04318380355834961
radegs_masked,TnT,Barn,SSIM,0.8659560084342957,0.8777250051498413,0.8574679493904114,0.8382905721664429,0.801223635673523,-0.011768996715545654,0.008488059043884277,0.027665436267852783,0.0647323727607727
radegs_masked,TnT,Barn,PSNR,26.346601486206055,26.873220443725586,25.575124740600586,23.3551025390625,20.440776824951172,-0.5266189575195312,0.7714767456054688,2.9914989471435547,5.905824661254883
radegs_masked,TnT,Barn,LPIPS,0.21563385426998138,0.14410795271396637,0.1300700604915619,0.13119274377822876,0.14819082617759705,-0.07152590155601501,-0.0855637937784195,-0.08444111049175262,-0.06744302809238434
radegs_masked,MP360,bicycle,SSIM,0.8081109523773193,0.8292277455329895,0.8114055395126343,0.8138803243637085,0.7929872274398804,-0.021116793155670166,-0.0032945871353149414,-0.00576937198638916,0.015123724937438965
radegs_masked,MP360,bicycle,PSNR,25.5578670501709,27.6121768951416,26.0616455078125,23.939119338989258,22.080982208251953,-2.054309844970703,-0.5037784576416016,1.6187477111816406,3.4768848419189453
radegs_masked,MP360,bicycle,LPIPS,0.1603969931602478,0.11017420887947083,0.10395186394453049,0.10537778586149216,0.1152779757976532,-0.05022278428077698,-0.056445129215717316,-0.055019207298755646,-0.045119017362594604
radegs_masked,MP360,bonsai,SSIM,0.948273241519928,0.9414850473403931,0.9354315996170044,0.9317912459373474,0.9298200011253357,0.006788194179534912,0.012841641902923584,0.016481995582580566,0.018453240394592285
radegs_masked,MP360,bonsai,PSNR,30.796354293823242,30.043136596679688,28.962505340576172,27.917560577392578,25.401935577392578,0.7532176971435547,1.8338489532470703,2.878793716430664,5.394418716430664
radegs_masked,MP360,bonsai,LPIPS,0.16592854261398315,0.09916792809963226,0.07953574508428574,0.06139276549220085,0.056968532502651215,-0.06676061451435089,-0.08639279752969742,-0.1045357771217823,-0.10896001011133194
radegs_masked,TnT,Caterpillar,SSIM,0.7941358089447021,0.7905885577201843,0.7587823271751404,0.7335874438285828,0.7076942324638367,0.0035472512245178223,0.03535348176956177,0.060548365116119385,0.08644157648086548
radegs_masked,TnT,Caterpillar,PSNR,22.5450382232666,22.8100528717041,22.001359939575195,20.381460189819336,18.818143844604492,-0.2650146484375,0.5436782836914062,2.1635780334472656,3.7268943786621094
radegs_masked,TnT,Caterpillar,LPIPS,0.23858366906642914,0.17067931592464447,0.15333636105060577,0.20446942746639252,0.1853455752134323,-0.06790435314178467,-0.08524730801582336,-0.03411424160003662,-0.053238093852996826
radegs_masked,MP360,counter,SSIM,0.9153585433959961,0.9016348123550415,0.883576512336731,0.869635820388794,0.8090231418609619,0.01372373104095459,0.03178203105926514,0.04572272300720215,0.10633540153503418
radegs_masked,MP360,counter,PSNR,28.876102447509766,28.511335372924805,26.32969856262207,23.738447189331055,18.636444091796875,0.36476707458496094,2.5464038848876953,5.137655258178711,10.23965835571289
radegs_masked,MP360,counter,LPIPS,0.17704200744628906,0.13497591018676758,0.12364378571510315,0.12551243603229523,0.11886346340179443,-0.042066097259521484,-0.05339822173118591,-0.051529571413993835,-0.05817854404449463
radegs_masked,TnT,Courthouse,SSIM,0.7517389059066772,0.6993209719657898,0.6208166480064392,0.5106689929962158,0.49060600996017456,0.05241793394088745,0.13092225790023804,0.24106991291046143,0.2611328959465027
radegs_masked,TnT,Courthouse,PSNR,19.421253204345703,18.15751075744629,17.667360305786133,16.521514892578125,15.181001663208008,1.263742446899414,1.7538928985595703,2.899738311767578,4.240251541137695
radegs_masked,TnT,Courthouse,LPIPS,0.3337341547012329,0.33206799626350403,0.3333790600299835,0.4342332184314728,0.42619261145591736,-0.0016661584377288818,-0.00035509467124938965,0.10049906373023987,0.09245845675468445
radegs_masked,MP360,flowers,SSIM,0.6651368737220764,0.7284479141235352,0.6973008513450623,0.6825113892555237,0.6299858689308167,-0.06331104040145874,-0.03216397762298584,-0.017374515533447266,0.035151004791259766
radegs_masked,MP360,flowers,PSNR,22.007112503051758,25.714998245239258,23.787187576293945,21.58721351623535,18.75567054748535,-3.7078857421875,-1.7800750732421875,0.41989898681640625,3.2514419555664062
radegs_masked,MP360,flowers,LPIPS,0.24813133478164673,0.18403959274291992,0.20063738524913788,0.15837687253952026,0.21930451691150665,-0.0640917420387268,-0.04749394953250885,-0.08975446224212646,-0.028826817870140076
radegs_masked,MP360,garden,SSIM,0.8816831707954407,0.8993586897850037,0.8880102038383484,0.8843439221382141,0.8666558265686035,-0.01767551898956299,-0.006327033042907715,-0.0026607513427734375,0.015027344226837158
radegs_masked,MP360,garden,PSNR,27.331567764282227,28.850418090820312,27.518661499023438,25.506765365600586,24.30784034729004,-1.518850326538086,-0.18709373474121094,1.8248023986816406,3.0237274169921875
radegs_masked,MP360,garden,LPIPS,0.09237993508577347,0.0718579813838005,0.06584371626377106,0.0585264228284359,0.09286949783563614,-0.02052195370197296,-0.02653621882200241,-0.03385351225733757,0.0004895627498626709
radegs_masked,TnT,Ignatius,SSIM,0.770399272441864,0.7744386792182922,0.7364578247070312,0.726844310760498,0.6808678507804871,-0.004039406776428223,0.033941447734832764,0.04355496168136597,0.08953142166137695
radegs_masked,TnT,Ignatius,PSNR,20.716434478759766,21.400291442871094,20.275012969970703,18.988691329956055,17.519433975219727,-0.6838569641113281,0.4414215087890625,1.727743148803711,3.197000503540039
radegs_masked,TnT,Ignatius,LPIPS,0.22605633735656738,0.1722547858953476,0.1574883908033371,0.16259066760540009,0.1825602799654007,-0.05380155146121979,-0.06856794655323029,-0.0634656697511673,-0.04349605739116669
radegs_masked,MP360,kitchen,SSIM,0.9335263967514038,0.9305214881896973,0.9263567328453064,0.934984564781189,0.9423258900642395,0.003004908561706543,0.007169663906097412,-0.0014581680297851562,-0.008799493312835693
radegs_masked,MP360,kitchen,PSNR,31.292308807373047,30.84256362915039,29.601221084594727,29.17911720275879,27.929983139038086,0.44974517822265625,1.6910877227783203,2.113191604614258,3.362325668334961
radegs_masked,MP360,kitchen,LPIPS,0.1133425310254097,0.0966472178697586,0.09358187764883041,0.07827640324831009,0.05521240830421448,-0.016695313155651093,-0.019760653376579285,-0.03506612777709961,-0.05813012272119522
radegs_masked,TnT,Meetingroom,SSIM,0.870519757270813,0.8281717300415039,0.7658053636550903,0.7297858595848083,0.713365912437439,0.04234802722930908,0.10471439361572266,0.14073389768600464,0.15715384483337402
radegs_masked,TnT,Meetingroom,PSNR,25.218759536743164,23.801097869873047,21.132347106933594,20.032413482666016,17.88512420654297,1.4176616668701172,4.08641242980957,5.186346054077148,7.333635330200195
radegs_masked,TnT,Meetingroom,LPIPS,0.24052052199840546,0.16911758482456207,0.16653132438659668,0.15836073458194733,0.21212893724441528,-0.07140293717384338,-0.07398919761180878,-0.08215978741645813,-0.028391584753990173
radegs_masked,MP360,room,SSIM,0.9255717396736145,0.9101241827011108,0.8894565105438232,0.8784393668174744,0.8584568500518799,0.015447556972503662,0.03611522912979126,0.04713237285614014,0.06711488962173462
radegs_masked,MP360,room,PSNR,29.32975196838379,28.668872833251953,27.369937896728516,25.088653564453125,23.137727737426758,0.6608791351318359,1.9598140716552734,4.241098403930664,6.192024230957031
radegs_masked,MP360,room,LPIPS,0.1875821053981781,0.1446041613817215,0.1293795257806778,0.11390019953250885,0.09547626972198486,-0.042977944016456604,-0.058202579617500305,-0.07368190586566925,-0.09210583567619324
radegs_masked,MP360,stump,SSIM,0.8126065731048584,0.8170046210289001,0.82246994972229,0.8236158490180969,0.8109309077262878,-0.004398047924041748,-0.00986337661743164,-0.011009275913238525,0.0016756653785705566
radegs_masked,MP360,stump,PSNR,27.117219924926758,28.41876792907715,26.84865379333496,24.585468292236328,23.511436462402344,-1.3015480041503906,0.2685661315917969,2.5317516326904297,3.605783462524414
radegs_masked,MP360,stump,LPIPS,0.1766694039106369,0.17132468521595,0.15118198096752167,0.12985092401504517,0.1333264261484146,-0.00534471869468689,-0.025487422943115234,-0.046818479895591736,-0.04334297776222229
radegs_masked,MP360,treehill,SSIM,0.6628578901290894,0.6913712024688721,0.6486674547195435,0.5986964702606201,0.5548568964004517,-0.028513312339782715,0.014190435409545898,0.06416141986846924,0.1080009937286377
radegs_masked,MP360,treehill,PSNR,22.182926177978516,23.377098083496094,21.40329360961914,19.658838272094727,17.610164642333984,-1.1941719055175781,0.779632568359375,2.524087905883789,4.572761535644531
radegs_masked,MP360,treehill,LPIPS,0.25741124153137207,0.20146197080612183,0.2052428275346756,0.15884293615818024,0.27512794733047485,-0.055949270725250244,-0.05216841399669647,-0.09856830537319183,0.017716705799102783
radegs_masked,TnT,Truck,SSIM,0.8609430193901062,0.8355885744094849,0.7984338998794556,0.7822132706642151,0.7585166692733765,0.025354444980621338,0.06250911951065063,0.07872974872589111,0.10242635011672974
radegs_masked,TnT,Truck,PSNR,23.18987464904785,24.028518676757812,22.55136489868164,20.4241886138916,18.636743545532227,-0.8386440277099609,0.6385097503662109,2.76568603515625,4.553131103515625
radegs_masked,TnT,Truck,LPIPS,0.20188002288341522,0.14486469328403473,0.14720728993415833,0.15151569247245789,0.16350269317626953,-0.05701532959938049,-0.0546727329492569,-0.050364330410957336,-0.03837732970714569
3dgs,TnT,Barn,SSIM,0.8454518914222717,0.8657388687133789,0.8354867100715637,0.7988608479499817,0.7415143251419067,-0.020286977291107178,0.009965181350708008,0.04659104347229004,0.10393756628036499
3dgs,TnT,Barn,PSNR,27.981700897216797,29.346588134765625,26.648433685302734,23.385610580444336,19.252029418945312,-1.3648872375488281,1.3332672119140625,4.596090316772461,8.729671478271484
3dgs,TnT,Barn,LPIPS,0.24377670884132385,0.16791072487831116,0.1465967297554016,0.16466806828975677,0.2323392778635025,-0.0758659839630127,-0.09717997908592224,-0.07910864055156708,-0.01143743097782135
3dgs,MP360,bicycle,SSIM,0.7650355696678162,0.7992061376571655,0.7756500840187073,0.7753579616546631,0.7468634843826294,-0.034170567989349365,-0.010614514350891113,-0.010322391986846924,0.018172085285186768
3dgs,MP360,bicycle,PSNR,25.231090545654297,27.476337432861328,25.872201919555664,23.622852325439453,21.548974990844727,-2.2452468872070312,-0.6411113739013672,1.6082382202148438,3.6821155548095703
3dgs,MP360,bicycle,LPIPS,0.209380105137825,0.13361169397830963,0.12275531142950058,0.11973056197166443,0.1479613184928894,-0.07576841115951538,-0.08662479370832443,-0.08964954316616058,-0.06141878664493561
3dgs,MP360,bonsai,SSIM,0.9403688311576843,0.9355467557907104,0.9307249188423157,0.9265799522399902,0.9221405982971191,0.004822075366973877,0.009643912315368652,0.013788878917694092,0.018228232860565186
3dgs,MP360,bonsai,PSNR,32.181434631347656,31.25531768798828,29.88509178161621,28.268753051757812,25.199153900146484,0.926116943359375,2.2963428497314453,3.9126815795898438,6.982280731201172
3dgs,MP360,bonsai,LPIPS,0.2052764594554901,0.11896415799856186,0.09199107438325882,0.06911496073007584,0.06393349170684814,-0.08631230145692825,-0.11328538507223129,-0.13616149872541428,-0.14134296774864197
3dgs,TnT,Caterpillar,SSIM,0.7709188461303711,0.7758237719535828,0.7348665595054626,0.6813415884971619,0.6442303657531738,-0.00490492582321167,0.03605228662490845,0.08957725763320923,0.12668848037719727
3dgs,TnT,Caterpillar,PSNR,23.478675842285156,23.865463256835938,22.824861526489258,20.83171272277832,18.674592971801758,-0.38678741455078125,0.6538143157958984,2.646963119506836,4.804082870483398
3dgs,TnT,Caterpillar,LPIPS,0.2703443765640259,0.19215422868728638,0.17134563624858856,0.24718107283115387,0.23286950588226318,-0.0781901478767395,-0.09899874031543732,-0.02316330373287201,-0.037474870681762695
3dgs,MP360,counter,SSIM,0.906386137008667,0.8947275280952454,0.8760406970977783,0.8594595789909363,0.7950255274772644,0.01165860891342163,0.030345439910888672,0.04692655801773071,0.11136060953140259
3dgs,MP360,counter,PSNR,29.033926010131836,28.964326858520508,26.64948081970215,23.684654235839844,18.659061431884766,0.06959915161132812,2.3844451904296875,5.349271774291992,10.37486457824707
3dgs,MP360,counter,LPIPS,0.20092464983463287,0.1477741301059723,0.1323111653327942,0.13299807906150818,0.1299307644367218,-0.053150519728660583,-0.06861348450183868,-0.0679265707731247,-0.07099388539791107
3dgs,TnT,Courthouse,SSIM,0.8081095814704895,0.7726762890815735,0.6994562149047852,0.6079314947128296,0.5731997489929199,0.035433292388916016,0.10865336656570435,0.2001780867576599,0.23490983247756958
3dgs,TnT,Courthouse,PSNR,22.944639205932617,22.123973846435547,20.888601303100586,18.803430557250977,16.494844436645508,0.8206653594970703,2.0560379028320312,4.141208648681641,6.449794769287109
3dgs,TnT,Courthouse,LPIPS,0.2701423168182373,0.24601997435092926,0.25364893674850464,0.3505987823009491,0.37618395686149597,-0.024122342467308044,-0.016493380069732666,0.08045646548271179,0.10604164004325867
3dgs,MP360,flowers,SSIM,0.6015625596046448,0.676006555557251,0.6333333253860474,0.5977338552474976,0.542327344417572,-0.0744439959526062,-0.03177076578140259,0.003828704357147217,0.059235215187072754
3dgs,MP360,flowers,PSNR,21.406923294067383,25.405311584472656,23.3773193359375,21.009016036987305,17.870677947998047,-3.9983882904052734,-1.9703960418701172,0.3979072570800781,3.536245346069336
3dgs,MP360,flowers,LPIPS,0.33919647336006165,0.23353686928749084,0.24263830482959747,0.21547995507717133,0.3213615417480469,-0.1056596040725708,-0.09655816853046417,-0.12371651828289032,-0.01783493161201477
3dgs,MP360,garden,SSIM,0.8637215495109558,0.881584644317627,0.8693415522575378,0.8664502501487732,0.847983181476593,-0.017863094806671143,-0.005620002746582031,-0.002728700637817383,0.015738368034362793
3dgs,MP360,garden,PSNR,27.36298370361328,29.237882614135742,27.780006408691406,25.510278701782227,23.99939727783203,-1.874898910522461,-0.417022705078125,1.8527050018310547,3.36358642578125
3dgs,MP360,garden,LPIPS,0.10826709866523743,0.09107013791799545,0.07834610342979431,0.06580259650945663,0.1093437597155571,-0.017196960747241974,-0.029920995235443115,-0.04246450215578079,0.0010766610503196716
3dgs,TnT,Ignatius,SSIM,0.7722557187080383,0.7826792001724243,0.742216169834137,0.7212585210800171,0.6713976263999939,-0.010423481464385986,0.030039548873901367,0.05099719762802124,0.10085809230804443
3dgs,TnT,Ignatius,PSNR,22.004192352294922,22.792131423950195,21.494300842285156,19.81378173828125,18.025054931640625,-0.7879390716552734,0.5098915100097656,2.190410614013672,3.979137420654297
3dgs,TnT,Ignatius,LPIPS,0.24191853404045105,0.1811327338218689,0.16940900683403015,0.17769543826580048,0.19398653507232666,-0.06078580021858215,-0.0725095272064209,-0.06422309577465057,-0.04793199896812439
3dgs,MP360,kitchen,SSIM,0.9242474436759949,0.9194186329841614,0.9144352674484253,0.9219915270805359,0.9260249733924866,0.004828810691833496,0.00981217622756958,0.0022559165954589844,-0.0017775297164916992
3dgs,MP360,kitchen,PSNR,30.981382369995117,30.429439544677734,29.080820083618164,28.704233169555664,27.265174865722656,0.5519428253173828,1.9005622863769531,2.277149200439453,3.716207504272461
3dgs,MP360,kitchen,LPIPS,0.12742987275123596,0.11029052734375,0.10734367370605469,0.08664973080158234,0.06630932539701462,-0.017139345407485962,-0.020086199045181274,-0.040780141949653625,-0.061120547354221344
3dgs,TnT,Meetingroom,SSIM,0.8778533935546875,0.8489157557487488,0.7882678508758545,0.751183032989502,0.7344648241996765,0.02893763780593872,0.08958554267883301,0.12667036056518555,0.143388569355011
3dgs,TnT,Meetingroom,PSNR,26.049968719482422,25.15287971496582,22.385324478149414,20.8230037689209,18.12038803100586,0.8970890045166016,3.664644241333008,5.226964950561523,7.9295806884765625
3dgs,TnT,Meetingroom,LPIPS,0.23376597464084625,0.1530533730983734,0.14917442202568054,0.13744349777698517,0.19662559032440186,-0.08071260154247284,-0.08459155261516571,-0.09632247686386108,-0.0371403843164444
3dgs,MP360,room,SSIM,0.9181086421012878,0.9114879965782166,0.8950117230415344,0.8807319402694702,0.8492234349250793,0.006620645523071289,0.023096919059753418,0.03737670183181763,0.0688852071762085
3dgs,MP360,room,PSNR,31.500839233398438,31.3426513671875,29.39094352722168,25.920162200927734,23.448503494262695,0.1581878662109375,2.109895706176758,5.580677032470703,8.052335739135742
3dgs,MP360,room,LPIPS,0.219869002699852,0.1506367027759552,0.12583884596824646,0.112115778028965,0.10443374514579773,-0.06923229992389679,-0.09403015673160553,-0.107753224670887,-0.11543525755405426
3dgs,MP360,stump,SSIM,0.7704466581344604,0.7724626064300537,0.7777842879295349,0.7812066078186035,0.7668083310127258,-0.0020159482955932617,-0.007337629795074463,-0.010759949684143066,0.003638327121734619
3dgs,MP360,stump,PSNR,26.631206512451172,28.004322052001953,26.455257415771484,23.966020584106445,22.97277069091797,-1.3731155395507812,0.1759490966796875,2.6651859283447266,3.658435821533203
3dgs,MP360,stump,LPIPS,0.21598540246486664,0.20672088861465454,0.17168626189231873,0.13696426153182983,0.16407586634159088,-0.009264513850212097,-0.04429914057254791,-0.0790211409330368,-0.05190953612327576
3dgs,MP360,treehill,SSIM,0.6335647106170654,0.6844055652618408,0.6388123035430908,0.5741027593612671,0.5176509618759155,-0.05084085464477539,-0.005247592926025391,0.05946195125579834,0.1159137487411499
3dgs,MP360,treehill,PSNR,22.530500411987305,24.352819442749023,22.21446990966797,20.137540817260742,17.483909606933594,-1.8223190307617188,0.31603050231933594,2.3929595947265625,5.046590805053711
3dgs,MP360,treehill,LPIPS,0.3271174132823944,0.23363102972507477,0.22521434724330902,0.18074947595596313,0.3192445635795593,-0.09348638355731964,-0.10190306603908539,-0.14636793732643127,-0.007872849702835083
3dgs,TnT,Truck,SSIM,0.8566099405288696,0.83614182472229,0.7961464524269104,0.7723028659820557,0.745569109916687,0.02046811580657959,0.06046348810195923,0.08430707454681396,0.11104083061218262
3dgs,TnT,Truck,PSNR,25.024198532104492,25.82632827758789,23.467323303222656,20.705493927001953,18.637603759765625,-0.8021297454833984,1.556875228881836,4.318704605102539,6.386594772338867
3dgs,TnT,Truck,LPIPS,0.21813541650772095,0.15566132962703705,0.15444214642047882,0.16071774065494537,0.1743553876876831,-0.0624740868806839,-0.06369327008724213,-0.057417675852775574,-0.04378002882003784
masked_3dgs,TnT,Barn,SSIM,0.8530879616737366,0.872057318687439,0.8507770895957947,0.8269892334938049,0.7832068800926208,-0.018969357013702393,0.0023108720779418945,0.02609872817993164,0.06988108158111572
masked_3dgs,TnT,Barn,PSNR,28.46748924255371,29.411476135253906,26.941082000732422,24.12006378173828,20.42819595336914,-0.9439868927001953,1.526407241821289,4.34742546081543,8.03929328918457
masked_3dgs,TnT,Barn,LPIPS,0.22605444490909576,0.1440499871969223,0.12709768116474152,0.13080018758773804,0.16854003071784973,-0.08200445771217346,-0.09895676374435425,-0.09525425732135773,-0.05751441419124603
masked_3dgs,MP360,bicycle,SSIM,0.7690392136573792,0.7964698672294617,0.7749769687652588,0.7798827886581421,0.7529556751251221,-0.02743065357208252,-0.005937755107879639,-0.01084357500076294,0.01608353853225708
masked_3dgs,MP360,bicycle,PSNR,25.221942901611328,27.16162109375,25.69826889038086,23.6612606048584,21.687820434570312,-1.9396781921386719,-0.47632598876953125,1.5606822967529297,3.5341224670410156
masked_3dgs,MP360,bicycle,LPIPS,0.194485604763031,0.13025622069835663,0.12043240666389465,0.1163506954908371,0.1403769999742508,-0.06422938406467438,-0.07405319809913635,-0.07813490927219391,-0.05410860478878021
masked_3dgs,MP360,bonsai,SSIM,0.9415432810783386,0.9361506104469299,0.9332290887832642,0.9333710670471191,0.9321485757827759,0.005392670631408691,0.008314192295074463,0.008172214031219482,0.009394705295562744
masked_3dgs,MP360,bonsai,PSNR,32.4372444152832,31.280975341796875,30.07164192199707,28.771148681640625,25.915313720703125,1.1562690734863281,2.365602493286133,3.666095733642578,6.521930694580078
masked_3dgs,MP360,bonsai,LPIPS,0.2026921659708023,0.11660206317901611,0.08847630023956299,0.06633112579584122,0.056910399347543716,-0.0860901027917862,-0.11421586573123932,-0.1363610401749611,-0.1457817666232586
masked_3dgs,TnT,Caterpillar,SSIM,0.7900714874267578,0.785968542098999,0.7559767365455627,0.7305288314819336,0.7033390998840332,0.004102945327758789,0.03409475088119507,0.05954265594482422,0.08673238754272461
masked_3dgs,TnT,Caterpillar,PSNR,23.686159133911133,23.928560256958008,22.985795974731445,21.246307373046875,19.412485122680664,-0.242401123046875,0.7003631591796875,2.439851760864258,4.273674011230469
masked_3dgs,TnT,Caterpillar,LPIPS,0.2382678985595703,0.1691190004348755,0.15180069208145142,0.19652806222438812,0.18205587565898895,-0.06914889812469482,-0.0864672064781189,-0.04173983633518219,-0.05621202290058136
masked_3dgs,MP360,counter,SSIM,0.9078909158706665,0.8944730162620544,0.8783895373344421,0.8702738285064697,0.8150022029876709,0.01341789960861206,0.029501378536224365,0.03761708736419678,0.0928887128829956
masked_3dgs,MP360,counter,PSNR,29.23927116394043,28.900938034057617,26.695125579833984,24.11810302734375,19.209747314453125,0.3383331298828125,2.5441455841064453,5.12116813659668,10.029523849487305
masked_3dgs,MP360,counter,LPIPS,0.19589151442050934,0.14282532036304474,0.12572826445102692,0.12348485738039017,0.11927320063114166,-0.0530661940574646,-0.07016324996948242,-0.07240665704011917,-0.07661831378936768
masked_3dgs,TnT,Courthouse,SSIM,0.811112642288208,0.7739145755767822,0.7111838459968567,0.6410432457923889,0.6124159693717957,0.03719806671142578,0.09992879629135132,0.1700693964958191,0.19869667291641235
masked_3dgs,TnT,Courthouse,PSNR,23.18182945251465,22.259469985961914,21.258840560913086,19.492572784423828,17.209781646728516,0.9223594665527344,1.9229888916015625,3.6892566680908203,5.972047805786133
masked_3dgs,TnT,Courthouse,LPIPS,0.262117475271225,0.2352100908756256,0.23920084536075592,0.3172914683818817,0.32988306879997253,-0.026907384395599365,-0.022916629910469055,0.05517399311065674,0.06776559352874756
masked_3dgs,MP360,flowers,SSIM,0.6241319179534912,0.6902514100074768,0.6556788086891174,0.6343545913696289,0.5823666453361511,-0.0661194920539856,-0.03154689073562622,-0.010222673416137695,0.04176527261734009
masked_3dgs,MP360,flowers,PSNR,21.776893615722656,25.376869201660156,23.654895782470703,21.358692169189453,18.35198402404785,-3.5999755859375,-1.8780021667480469,0.4182014465332031,3.4249095916748047
masked_3dgs,MP360,flowers,LPIPS,0.30454254150390625,0.2096569538116455,0.218441441655159,0.18784131109714508,0.2699982821941376,-0.09488558769226074,-0.08610109984874725,-0.11670123040676117,-0.03454425930976868
masked_3dgs,MP360,garden,SSIM,0.8664326667785645,0.8837213516235352,0.8721718788146973,0.8702459931373596,0.8521762490272522,-0.017288684844970703,-0.0057392120361328125,-0.003813326358795166,0.014256417751312256
masked_3dgs,MP360,garden,PSNR,27.38921546936035,29.160812377929688,27.725175857543945,25.530797958374023,24.133657455444336,-1.771596908569336,-0.33596038818359375,1.8584175109863281,3.2555580139160156
masked_3dgs,MP360,garden,LPIPS,0.10108467936515808,0.08327633887529373,0.07697179168462753,0.060687173157930374,0.1016174778342247,-0.01780834048986435,-0.024112887680530548,-0.04039750620722771,0.0005327984690666199
masked_3dgs,TnT,Ignatius,SSIM,0.7692445516586304,0.7735220193862915,0.7387295365333557,0.7295602560043335,0.6830560564994812,-0.004277467727661133,0.030515015125274658,0.039684295654296875,0.08618849515914917
masked_3dgs,TnT,Ignatius,PSNR,21.598793029785156,22.119720458984375,20.9750919342041,19.63926124572754,18.116193771362305,-0.5209274291992188,0.6237010955810547,1.9595317840576172,3.4825992584228516
masked_3dgs,TnT,Ignatius,LPIPS,0.22333379089832306,0.17106939852237701,0.15784722566604614,0.1590806245803833,0.1758863478899002,-0.052264392375946045,-0.06548656523227692,-0.06425316631793976,-0.04744744300842285
masked_3dgs,MP360,kitchen,SSIM,0.9265686273574829,0.9229701161384583,0.9187239408493042,0.9269322156906128,0.9312404990196228,0.003598511219024658,0.007844686508178711,-0.0003635883331298828,-0.004671871662139893
masked_3dgs,MP360,kitchen,PSNR,31.470102310180664,30.97073745727539,29.623472213745117,29.251209259033203,27.78569984436035,0.49936485290527344,1.8466300964355469,2.218893051147461,3.6844024658203125
masked_3dgs,MP360,kitchen,LPIPS,0.12482299655675888,0.1062169224023819,0.10248670727014542,0.0826781690120697,0.06206122785806656,-0.018606074154376984,-0.022336289286613464,-0.04214482754468918,-0.06276176869869232
masked_3dgs,TnT,Meetingroom,SSIM,0.8762447834014893,0.8427640199661255,0.7925059795379639,0.7666903734207153,0.7572045922279358,0.03348076343536377,0.08373880386352539,0.10955440998077393,0.11904019117355347
masked_3dgs,TnT,Meetingroom,PSNR,26.00153160095215,24.934715270996094,22.291074752807617,21.0788516998291,18.5230655670166,1.0668163299560547,3.7104568481445312,4.922679901123047,7.478466033935547
masked_3dgs,TnT,Meetingroom,LPIPS,0.22796884179115295,0.1506616622209549,0.1443585604429245,0.12973488867282867,0.17995165288448334,-0.07730717957019806,-0.08361028134822845,-0.09823395311832428,-0.04801718890666962
masked_3dgs,MP360,room,SSIM,0.9193108677864075,0.9126606583595276,0.8979969620704651,0.8881425261497498,0.8604263067245483,0.006650209426879883,0.021313905715942383,0.031168341636657715,0.05888456106185913
masked_3dgs,MP360,room,PSNR,31.59024429321289,31.310462951660156,29.565038681030273,26.188806533813477,23.809940338134766,0.2797813415527344,2.025205612182617,5.401437759399414,7.780303955078125
masked_3dgs,MP360,room,LPIPS,0.2167799323797226,0.14695429801940918,0.12237109988927841,0.10694202780723572,0.09840217232704163,-0.06982563436031342,-0.09440883249044418,-0.10983790457248688,-0.11837776005268097
masked_3dgs,MP360,stump,SSIM,0.7696437239646912,0.768831729888916,0.7748213410377502,0.7838240265846252,0.7700275778770447,0.0008119940757751465,-0.005177617073059082,-0.014180302619934082,-0.0003838539123535156
masked_3dgs,MP360,stump,PSNR,26.612154006958008,27.849443435668945,26.348617553710938,24.064807891845703,23.133853912353516,-1.2372894287109375,0.2635364532470703,2.5473461151123047,3.478300094604492
masked_3dgs,MP360,stump,LPIPS,0.20677287876605988,0.19802886247634888,0.16982504725456238,0.13303525745868683,0.16113552451133728,-0.008744016289710999,-0.0369478315114975,-0.07373762130737305,-0.045637354254722595
masked_3dgs,MP360,treehill,SSIM,0.6300223469734192,0.6690019369125366,0.6300645470619202,0.5741677284240723,0.5209454894065857,-0.03897958993911743,-4.220008850097656e-05,0.055854618549346924,0.1090768575668335
masked_3dgs,MP360,treehill,PSNR,22.274322509765625,23.574684143066406,21.60087776184082,19.75571060180664,17.42306900024414,-1.3003616333007812,0.6734447479248047,2.5186119079589844,4.851253509521484
masked_3dgs,MP360,treehill,LPIPS,0.30764704942703247,0.2236608862876892,0.21818746626377106,0.16853812336921692,0.2884026765823364,-0.08398616313934326,-0.08945958316326141,-0.13910892605781555,-0.019244372844696045
masked_3dgs,TnT,Truck,SSIM,0.8551153540611267,0.825439989566803,0.7907013297080994,0.7809131145477295,0.7575812339782715,0.02967536449432373,0.06441402435302734,0.07420223951339722,0.09753412008285522
masked_3dgs,TnT,Truck,PSNR,25.019378662109375,25.357654571533203,23.469263076782227,20.996055603027344,19.04525375366211,-0.3382759094238281,1.5501155853271484,4.023323059082031,5.974124908447266
masked_3dgs,TnT,Truck,LPIPS,0.2077023684978485,0.14932875335216522,0.15023763477802277,0.15345516800880432,0.16199031472206116,-0.05837361514568329,-0.057464733719825745,-0.05424720048904419,-0.045712053775787354
